id_descubrimiento,id_planeta,id_telescopio,año,metodo
1,1,1,2002,Radial Velocity
2,2,2,2008,Transit
3,3,3,2016,Transit
4,4,4,2021,Transit
5,5,4,2016,Transit
6,6,3,2017,Transit
7,7,4,2016,Transit
8,8,4,2016,Transit
9,9,4,2016,Transit
10,10,3,2016,Transit
11,11,4,2014,Transit
12,12,3,2017,Transit
13,13,4,2016,Transit
14,14,4,2016,Transit
15,15,4,2016,Transit
16,16,3,2017,Transit
17,17,3,2016,Transit
18,18,3,2022,Transit
19,19,3,2017,Transit
20,20,3,2018,Transit
21,21,3,2016,Transit
22,22,3,2018,Transit
23,23,2,2007,Transit
24,24,5,2010,Transit
25,25,5,2010,Transit
26,26,4,2012,Transit
27,27,6,2006,Transit
28,28,4,2016,Transit
29,29,4,2016,Transit
30,30,2,2017,Transit
31,31,4,2016,Transit
32,32,4,2016,Transit
33,33,4,2016,Transit
34,34,4,2016,Transit
35,35,4,2014,Transit
36,36,4,2016,Transit
37,37,4,2014,Transit
38,38,4,2016,Transit
39,39,4,2016,Transit
40,40,4,2021,Transit
41,41,4,2021,Transit
42,42,4,2016,Transit
43,43,4,2014,Transit
44,44,4,2016,Transit
45,45,4,2014,Transit
46,46,4,2016,Transit
47,47,4,2014,Transit
48,48,4,2016,Transit
49,49,4,2016,Transit
50,50,4,2016,Transit
51,51,4,2021,Transit
52,52,4,2016,Transit
53,53,4,2021,Transit
54,54,4,2016,Transit
55,55,4,2021,Transit
56,56,3,2020,Transit
57,57,4,2016,Transit
58,58,4,2016,Transit
59,59,4,2014,Transit
60,60,4,2014,Transit
61,61,7,2007,Radial Velocity
62,62,8,2007,Transit
63,63,7,2006,Radial Velocity
64,64,9,2000,Radial Velocity
65,65,7,2007,Radial Velocity
66,66,10,2002,Radial Velocity
67,67,11,2005,Radial Velocity
68,68,1,2000,Radial Velocity
69,69,11,2004,Radial Velocity
70,70,1,2000,Radial Velocity
71,71,11,2000,Radial Velocity
72,72,2,2007,Transit
73,73,11,2005,Radial Velocity
74,74,12,2005,Radial Velocity
75,75,11,2006,Radial Velocity
76,76,11,2007,Radial Velocity
77,77,11,2005,Radial Velocity
78,78,11,2009,Radial Velocity
79,79,11,2012,Radial Velocity
80,80,13,2012,Radial Velocity
81,81,13,2015,Radial Velocity
82,82,11,2018,Radial Velocity
83,83,11,2018,Radial Velocity
84,84,11,2018,Radial Velocity
85,85,14,2019,Transit
86,86,4,2020,Transit
87,87,4,2016,Transit
88,88,15,1994,Pulsar Timing
89,89,15,1992,Pulsar Timing
90,90,8,2007,Transit
91,91,13,2007,Transit
92,92,16,2010,Imaging
93,93,5,2010,Transit
94,94,17,2010,Transit
95,95,17,2010,Transit
96,96,17,2010,Transit
97,97,7,2008,Radial Velocity
98,98,18,2008,Radial Velocity
99,99,17,2008,Transit
100,100,1,2008,Radial Velocity
101,101,19,2005,Imaging
102,102,19,2007,Imaging
103,103,20,2009,Radial Velocity
104,104,4,2009,Transit
105,105,13,2000,Radial Velocity
106,106,11,2009,Radial Velocity
107,107,14,2024,Transit
108,108,5,2010,Transit
109,109,21,2010,Radial Velocity
110,110,5,2010,Transit
111,111,4,2010,Transit
112,112,4,2010,Transit
113,113,7,2011,Radial Velocity
114,114,11,2010,Radial Velocity
115,115,21,1996,Radial Velocity
116,116,13,1999,Radial Velocity
117,117,8,2018,Microlensing
118,118,4,2021,Transit
119,119,3,2018,Transit
120,120,14,2024,Transit
121,121,4,2014,Transit
122,122,4,2016,Transit
123,123,22,2026,Radial Velocity
124,124,4,2016,Transit
125,125,8,2022,Microlensing
126,126,8,2019,Microlensing
127,127,5,2012,Transit
128,128,23,2024,Microlensing
129,129,8,2021,Microlensing
130,130,5,2016,Transit
131,131,4,2021,Transit
132,132,4,2022,Transit
133,133,4,2016,Transit
134,134,4,2016,Transit
135,135,23,2024,Microlensing
136,136,4,2016,Transit
137,137,24,2016,Transit
138,138,8,2020,Microlensing
139,139,4,2016,Transit
140,140,4,2021,Transit
141,141,23,2026,Microlensing
142,142,8,2022,Microlensing
143,143,23,2024,Microlensing
144,144,23,2026,Microlensing
145,145,14,2024,Transit
146,146,4,2013,Transit
147,147,25,2017,Radial Velocity
148,148,23,2024,Microlensing
149,149,14,2026,Transit
150,150,26,2022,Microlensing
151,151,8,2024,Microlensing
152,152,8,2024,Microlensing
153,153,27,2018,Transit
154,154,1,2000,Radial Velocity
155,155,4,2014,Transit
156,156,23,2022,Microlensing
157,157,4,2012,Transit
158,158,23,2020,Microlensing
159,159,4,2014,Transit
160,160,28,2023,Radial Velocity
161,161,3,2018,Transit
162,162,23,2026,Microlensing
163,163,29,2019,Transit
164,164,23,2023,Microlensing
165,165,23,2024,Microlensing
166,166,4,2013,Transit
167,167,8,2018,Microlensing
168,168,25,2017,Pulsar Timing
169,169,3,2017,Transit
170,170,30,2022,Radial Velocity
171,171,3,2021,Transit
172,172,7,2025,Radial Velocity
173,173,4,2016,Transit
174,174,4,2021,Transit
175,175,4,2012,Transit
176,176,4,2016,Transit
177,177,4,2016,Transit
178,178,3,2017,Transit
179,179,1,2001,Radial Velocity
180,180,14,2020,Transit
181,181,4,2016,Transit
182,182,4,2016,Transit
183,183,4,2016,Transit
184,184,31,2002,Radial Velocity
185,185,13,2022,Radial Velocity
186,186,4,2016,Transit
187,187,4,2015,Transit
188,188,4,2016,Transit
189,189,13,2022,Radial Velocity
190,190,13,2016,Radial Velocity
191,191,14,2023,Transit
192,192,4,2020,Transit
193,193,4,2016,Transit
194,194,4,2016,Transit
195,195,4,2016,Transit
196,196,7,2019,Radial Velocity
197,197,4,2021,Transit
198,198,4,2020,Transit
199,199,4,2014,Transit
200,200,29,2017,Transit
201,201,4,2014,Transit
202,202,13,2026,Radial Velocity
203,203,14,2021,Transit
204,204,14,2022,Transit
205,205,14,2021,Transit
206,206,4,2016,Transit
207,207,4,2016,Transit
208,208,14,2021,Transit
209,209,13,2026,Transit Timing Variations
210,210,4,2014,Transit
211,211,4,2014,Transit
212,212,14,2026,Transit
213,213,4,2016,Transit
214,214,32,2025,Astrometry
215,215,14,2026,Transit
216,216,4,2014,Transit
217,217,14,2026,Transit
218,218,7,2022,Radial Velocity
219,219,4,2016,Transit
220,220,4,2014,Transit
221,221,4,2016,Transit
222,222,4,2014,Transit
223,223,4,2016,Transit
224,224,4,2016,Transit
225,225,4,2021,Transit
226,226,27,2018,Transit
227,227,4,2016,Transit
228,228,4,2016,Transit
229,229,4,2016,Transit
230,230,33,2019,Radial Velocity
231,231,34,2023,Radial Velocity
232,232,2,2014,Transit
233,233,3,2022,Transit
234,234,14,2022,Transit
235,235,4,2014,Transit Timing Variations
236,236,4,2023,Transit
237,237,4,2014,Transit
238,238,14,2025,Transit
239,239,14,2023,Transit
240,240,14,2026,Transit
241,241,4,2016,Transit
242,242,5,2010,Transit
243,243,4,2016,Transit
244,244,8,2016,Microlensing
245,245,4,2014,Transit
246,246,27,2018,Transit
247,247,4,2016,Transit
248,248,14,2025,Transit
249,249,14,2025,Transit
250,250,4,2016,Transit
251,251,4,2014,Transit
252,252,4,2021,Transit
253,253,14,2026,Transit
254,254,35,2021,Transit
255,255,4,2016,Transit
256,256,36,2022,Imaging
257,257,14,2024,Transit
258,258,3,2018,Transit
259,259,4,2020,Transit
260,260,28,2025,Radial Velocity
261,261,4,2016,Transit
262,262,4,2016,Transit
263,263,4,2016,Transit
264,264,14,2024,Transit
265,265,4,2016,Transit
266,266,7,2008,Radial Velocity
267,267,17,2010,Transit
268,268,14,2024,Transit
269,269,14,2024,Transit
270,270,14,2024,Transit
271,271,3,2017,Transit
272,272,37,2015,Transit
273,273,14,2026,Transit
274,274,4,2016,Transit
275,275,4,2016,Transit
276,276,13,2016,Transit
277,277,7,2012,Radial Velocity
278,278,4,2012,Transit
279,279,4,2016,Transit
280,280,38,2016,Imaging
281,281,4,2021,Transit
282,282,4,2016,Transit
283,283,33,2019,Radial Velocity
284,284,4,2016,Transit
285,285,4,2013,Transit
286,286,4,2020,Transit
287,287,4,2014,Transit
288,288,4,2021,Transit
289,289,4,2016,Transit
290,290,4,2014,Transit Timing Variations
291,291,39,2016,Imaging
292,292,4,2016,Transit
293,293,4,2021,Transit
294,294,40,2008,Transit
295,295,4,2021,Transit
296,296,4,2016,Transit
297,297,14,2018,Transit
298,298,14,2026,Transit
299,299,7,2020,Radial Velocity
300,300,4,2023,Transit
301,301,4,2014,Transit
302,302,4,2014,Transit
303,303,4,2014,Transit
304,304,7,2021,Radial Velocity
305,305,4,2015,Transit
306,306,11,2011,Radial Velocity
307,307,14,2024,Transit
308,308,4,2014,Transit
309,309,4,2014,Transit
310,310,4,2016,Transit
311,311,4,2016,Transit
312,312,4,2016,Transit
313,313,4,2016,Transit
314,314,4,2020,Transit
315,315,13,2024,Radial Velocity
316,316,3,2022,Transit
317,317,14,2025,Transit
318,318,4,2016,Transit
319,319,4,2016,Transit
320,320,24,2018,Transit
321,321,4,2021,Transit
322,322,4,2016,Transit
323,323,4,2014,Transit
324,324,14,2024,Transit
325,325,4,2016,Transit
326,326,41,2013,Radial Velocity
327,327,3,2019,Transit
328,328,4,2021,Transit
329,329,9,2019,Radial Velocity
330,330,4,2016,Transit
331,331,4,2014,Transit
332,332,11,2011,Radial Velocity
333,333,4,2016,Transit
334,334,4,2016,Transit
335,335,3,2022,Transit
336,336,4,2013,Transit
337,337,24,2017,Transit
338,338,3,2019,Transit
339,339,13,2022,Radial Velocity
340,340,4,2016,Transit
341,341,14,2023,Transit
342,342,4,2016,Transit
343,343,4,2012,Transit
344,344,4,2012,Transit
345,345,14,2022,Transit
346,346,4,2021,Transit
347,347,4,2021,Transit
348,348,14,2024,Transit
349,349,13,2025,Radial Velocity
350,350,4,2023,Transit
351,351,4,2021,Transit
352,352,14,2024,Transit
353,353,13,2019,Imaging
354,354,4,2014,Transit
355,355,4,2014,Transit
356,356,4,2016,Transit
357,357,13,2011,Eclipse Timing Variations
358,358,14,2022,Transit
359,359,4,2016,Transit
360,360,4,2016,Transit
361,361,4,2023,Transit
362,362,4,2021,Transit
363,363,4,2016,Transit
364,364,4,2013,Transit
365,365,4,2016,Transit
366,366,7,2019,Radial Velocity
367,367,11,2019,Radial Velocity
368,368,4,2021,Transit
369,369,4,2014,Transit
370,370,4,2021,Transit
371,371,14,2024,Transit
372,372,25,2026,Radial Velocity
373,373,4,2016,Transit
374,374,14,2026,Transit
375,375,4,2021,Transit
376,376,4,2013,Transit
377,377,14,2026,Transit
378,378,14,2026,Transit
379,379,23,2026,Microlensing
380,380,23,2026,Microlensing
381,381,3,2022,Transit
382,382,14,2023,Transit
383,383,4,2016,Transit
384,384,14,2024,Transit
385,385,4,2014,Transit
386,386,42,2010,Imaging
387,387,25,2023,Radial Velocity
388,388,4,2016,Transit
389,389,4,2011,Transit
390,390,4,2016,Transit
391,391,4,2014,Transit
392,392,3,2021,Transit
393,393,43,2017,Transit
394,394,4,2020,Transit
395,395,7,2023,Radial Velocity
396,396,4,2014,Transit
397,397,11,2009,Radial Velocity
398,398,14,2026,Transit
399,399,39,2026,Imaging
400,400,3,2022,Transit
401,401,4,2016,Transit
402,402,4,2016,Transit
403,403,4,2014,Transit
404,404,25,2020,Radial Velocity
405,405,3,2016,Transit
406,406,1,2002,Radial Velocity
407,407,4,2016,Transit
408,408,4,2016,Transit
409,409,30,2013,Radial Velocity
410,410,14,2024,Transit
411,411,4,2014,Transit
412,412,4,2014,Transit
413,413,4,2014,Transit Timing Variations
414,414,3,2016,Transit
415,415,4,2016,Transit
416,416,4,2021,Transit
417,417,4,2015,Transit
418,418,4,2016,Transit
419,419,9,2012,Radial Velocity
420,420,4,2016,Transit
421,421,4,2016,Transit
422,422,44,2025,Radial Velocity
423,423,3,2019,Transit
424,424,4,2016,Transit
425,425,4,2016,Transit
426,426,4,2014,Transit
427,427,4,2016,Transit
428,428,14,2025,Transit
429,429,11,2014,Radial Velocity
430,430,4,2014,Transit
431,431,4,2016,Transit
432,432,4,2016,Transit
433,433,4,2015,Transit
434,434,4,2023,Transit
435,435,4,2016,Transit
436,436,4,2014,Transit
437,437,13,2017,Radial Velocity
438,438,4,2014,Transit
439,439,14,2021,Transit
440,440,4,2014,Transit
441,441,13,2026,Radial Velocity
442,442,14,2020,Transit
443,443,4,2016,Transit
444,444,4,2014,Transit
445,445,7,2012,Radial Velocity
446,446,4,2016,Transit
447,447,14,2025,Transit
448,448,4,2014,Transit
449,449,4,2016,Transit
450,450,4,2014,Transit
451,451,4,2016,Transit
452,452,4,2021,Transit
453,453,4,2016,Transit
454,454,14,2025,Transit
455,455,13,2022,Radial Velocity
456,456,4,2015,Transit
457,457,7,2020,Radial Velocity
458,458,4,2016,Transit
459,459,4,2016,Transit
460,460,4,2014,Transit
461,461,4,2014,Transit
462,462,4,2021,Transit
463,463,14,2024,Transit
464,464,4,2021,Transit
465,465,1,2006,Radial Velocity
466,466,4,2016,Transit
467,467,4,2016,Transit
468,468,4,2015,Transit
469,469,4,2016,Transit
470,470,14,2026,Transit
471,471,7,2023,Radial Velocity
472,472,14,2024,Transit
473,473,4,2014,Transit
474,474,4,2016,Transit
475,475,14,2023,Transit
476,476,14,2024,Transit
477,477,4,2016,Transit
478,478,13,2014,Radial Velocity
479,479,4,2016,Transit
480,480,14,2026,Transit
481,481,4,2023,Transit
482,482,14,2021,Transit
483,483,5,2016,Transit
484,484,4,2016,Transit
485,485,4,2014,Transit
486,486,14,2025,Transit
487,487,13,2022,Radial Velocity
488,488,45,2020,Radial Velocity
489,489,4,2016,Transit
490,490,4,2016,Transit
491,491,13,2022,Radial Velocity
492,492,4,2021,Transit
493,493,14,2026,Transit
494,494,4,2016,Transit
495,495,4,2016,Transit
496,496,4,2014,Transit
497,497,4,2016,Transit
498,498,4,2016,Transit
499,499,14,2019,Transit
500,500,4,2014,Transit
501,501,9,2012,Radial Velocity
502,502,4,2016,Transit
503,503,4,2013,Transit
504,504,3,2019,Transit
505,505,4,2021,Transit
506,506,13,2017,Radial Velocity
507,507,3,2018,Transit
508,508,11,2018,Radial Velocity
509,509,13,2002,Radial Velocity
510,510,4,2016,Transit
511,511,4,2021,Transit
512,512,4,2016,Transit
513,513,11,2018,Radial Velocity
514,514,5,2014,Transit
515,515,14,2026,Transit
516,516,4,2021,Transit
517,517,46,2012,Imaging
518,518,4,2021,Transit
519,519,4,2016,Transit
520,520,14,2026,Transit
521,521,4,2016,Transit
522,522,14,2026,Transit
523,523,11,2024,Radial Velocity
524,524,4,2016,Transit
525,525,47,2021,Transit
526,526,20,2023,Radial Velocity
527,527,7,2018,Radial Velocity
528,528,4,2016,Transit
529,529,3,2022,Transit
530,530,4,2016,Transit
531,531,4,2014,Transit
532,532,4,2016,Transit
533,533,1,2002,Radial Velocity
534,534,14,2021,Transit
535,535,4,2016,Transit
536,536,4,2016,Transit
537,537,30,2021,Radial Velocity
538,538,14,2026,Transit
539,539,4,2016,Transit
540,540,4,2016,Transit
541,541,4,2021,Transit
542,542,13,2026,Radial Velocity
543,543,4,2016,Transit
544,544,4,2016,Transit
545,545,11,2011,Radial Velocity
546,546,14,2023,Transit
547,547,48,2025,Radial Velocity
548,548,4,2021,Transit
549,549,13,2021,Radial Velocity
550,550,4,2016,Transit
551,551,4,2016,Transit
552,552,7,2023,Radial Velocity
553,553,4,2021,Transit
554,554,9,2003,Radial Velocity
555,555,4,2016,Transit
556,556,3,2021,Transit
557,557,27,2020,Transit
558,558,4,2016,Transit
559,559,14,2026,Transit
560,560,14,2024,Transit
561,561,4,2014,Transit
562,562,14,2024,Transit
563,563,4,2016,Transit
564,564,4,2016,Transit
565,565,4,2023,Transit
566,566,4,2014,Transit
567,567,14,2026,Transit
568,568,4,2023,Transit
569,569,4,2016,Transit
570,570,28,2023,Radial Velocity
571,571,4,2016,Transit
572,572,4,2020,Transit
573,573,4,2014,Transit
574,574,4,2014,Transit
575,575,13,2025,Radial Velocity
576,576,13,2022,Radial Velocity
577,577,28,2015,Radial Velocity
578,578,3,2018,Transit
579,579,49,2022,Transit
580,580,4,2016,Transit
581,581,21,1996,Radial Velocity
582,582,14,2019,Transit
583,583,41,2004,Radial Velocity
584,584,21,2002,Radial Velocity
585,585,41,2004,Radial Velocity
586,586,13,2007,Radial Velocity
587,587,50,2009,Transit
588,588,11,2004,Radial Velocity
589,589,2,2009,Transit
590,590,2,2009,Transit
591,591,11,2009,Radial Velocity
592,592,2,2010,Transit
593,593,2,2012,Transit
594,594,11,2012,Radial Velocity
595,595,2,2010,Transit
596,596,2,2006,Transit
597,597,2,2010,Transit
598,598,2,2011,Transit
599,599,2,2011,Transit
600,600,51,2005,Radial Velocity
601,601,12,2005,Radial Velocity
602,602,11,1999,Radial Velocity
603,603,13,2001,Radial Velocity
604,604,18,2009,Radial Velocity
605,605,6,2007,Transit
606,606,5,2008,Transit
607,607,5,2009,Transit
608,608,5,2009,Transit
609,609,5,2009,Transit
610,610,5,2009,Transit
611,611,5,2010,Transit
612,612,5,2011,Transit
613,613,5,2011,Transit
614,614,5,2009,Transit
615,615,7,2012,Radial Velocity
616,616,5,2012,Transit
617,617,5,2012,Transit
618,618,5,2012,Transit
619,619,5,2012,Transit
620,620,5,2012,Transit
621,621,5,2014,Transit
622,622,5,2014,Transit
623,623,5,2014,Transit
624,624,5,2014,Radial Velocity
625,625,5,2014,Transit
626,626,5,2014,Transit
627,627,5,2015,Transit
628,628,27,2015,Transit
629,629,43,2015,Transit
630,630,3,2015,Transit
631,631,43,2015,Transit
632,632,3,2015,Transit
633,633,9,2015,Radial Velocity
634,634,3,2015,Transit
635,635,3,2015,Transit
636,636,52,2015,Transit
637,637,5,2016,Transit
638,638,43,2016,Transit
639,639,53,2016,Transit
640,640,53,2016,Transit
641,641,53,2016,Transit
642,642,3,2016,Transit
643,643,54,2016,Transit
644,644,3,2016,Transit
645,645,3,2016,Transit
646,646,3,2016,Transit
647,647,3,2016,Transit
648,648,3,2016,Transit
649,649,3,2016,Transit
650,650,3,2016,Transit
651,651,2,2016,Transit
652,652,24,2016,Transit
653,653,24,2016,Transit
654,654,5,2016,Transit
655,655,13,2017,Transit
656,656,13,2017,Transit
657,657,13,2017,Transit
658,658,13,2017,Transit
659,659,3,2017,Transit
660,660,3,2017,Transit
661,661,50,2017,Transit
662,662,55,2017,Transit
663,663,56,2017,Transit
664,664,13,2017,Radial Velocity
665,665,24,2017,Transit
666,666,3,2017,Transit
667,667,3,2017,Transit
668,668,3,2017,Transit
669,669,56,2017,Transit
670,670,7,2017,Radial Velocity
671,671,3,2018,Transit
672,672,3,2018,Transit
673,673,3,2018,Transit
674,674,7,2018,Radial Velocity
675,675,11,2018,Radial Velocity
676,676,49,2018,Transit
677,677,24,2018,Transit
678,678,13,2018,Transit
679,679,3,2018,Transit
680,680,14,2019,Transit
681,681,14,2019,Transit
682,682,14,2019,Transit
683,683,14,2019,Transit
684,684,14,2019,Transit
685,685,14,2019,Transit
686,686,3,2019,Transit
687,687,57,2019,Transit
688,688,14,2019,Transit
689,689,14,2019,Transit
690,690,14,2019,Transit
691,691,13,2019,Radial Velocity
692,692,13,2019,Radial Velocity
693,693,14,2019,Transit
694,694,57,2019,Transit
695,695,3,2019,Transit
696,696,3,2019,Transit
697,697,3,2019,Transit
698,698,14,2019,Transit
699,699,14,2019,Transit
700,700,14,2019,Transit
701,701,14,2019,Transit
702,702,14,2020,Transit
703,703,14,2020,Transit
704,704,27,2020,Transit
705,705,27,2020,Transit
706,706,49,2020,Transit
707,707,14,2020,Transit
708,708,14,2020,Transit
709,709,14,2020,Transit
710,710,14,2020,Transit
711,711,14,2020,Transit
712,712,14,2020,Transit
713,713,14,2020,Transit
714,714,58,2020,Transit
715,715,20,2020,Radial Velocity
716,716,14,2020,Transit
717,717,14,2020,Transit
718,718,14,2020,Transit
719,719,14,2020,Transit
720,720,14,2020,Transit
721,721,14,2020,Transit
722,722,14,2020,Transit
723,723,14,2020,Transit
724,724,14,2020,Transit
725,725,14,2020,Transit
726,726,14,2020,Transit
727,727,14,2020,Transit
728,728,14,2020,Transit
729,729,14,2020,Transit
730,730,13,2020,Radial Velocity
731,731,13,2020,Radial Velocity
732,732,14,2020,Transit
733,733,14,2020,Transit
734,734,14,2020,Transit
735,735,14,2020,Transit
736,736,14,2020,Transit
737,737,14,2020,Transit
738,738,14,2020,Transit
739,739,14,2020,Transit
740,740,14,2020,Transit
741,741,14,2021,Transit
742,742,14,2021,Transit
743,743,14,2021,Transit
744,744,14,2021,Transit
745,745,13,2021,Transit
746,746,14,2021,Transit
747,747,44,2021,Radial Velocity
748,748,14,2021,Transit
749,749,14,2021,Transit
750,750,14,2021,Transit
751,751,14,2021,Transit
752,752,14,2021,Transit
753,753,14,2021,Transit
754,754,14,2021,Transit
755,755,14,2021,Transit
756,756,14,2021,Transit
757,757,14,2021,Transit
758,758,7,2021,Radial Velocity
759,759,14,2021,Transit
760,760,13,2021,Radial Velocity
761,761,14,2021,Transit
762,762,13,2021,Radial Velocity
763,763,14,2021,Transit
764,764,14,2021,Transit
765,765,27,2021,Transit
766,766,14,2022,Transit
767,767,14,2022,Transit
768,768,14,2022,Transit
769,769,14,2022,Transit
770,770,14,2022,Transit
771,771,14,2022,Transit
772,772,14,2022,Transit
773,773,35,2020,Transit
774,774,14,2022,Transit
775,775,14,2022,Transit
776,776,7,2022,Radial Velocity
777,777,7,2022,Radial Velocity
778,778,7,2022,Radial Velocity
779,779,14,2022,Transit
780,780,14,2022,Transit
781,781,14,2022,Transit
782,782,13,2022,Radial Velocity
783,783,14,2022,Transit
784,784,14,2023,Transit
785,785,14,2023,Transit
786,786,14,2023,Transit
787,787,14,2024,Transit
788,788,14,2021,Transit
789,789,14,2023,Transit
790,790,14,2023,Transit
791,791,14,2022,Transit
792,792,14,2022,Transit
793,793,14,2022,Transit
794,794,14,2022,Transit
795,795,14,2024,Transit
796,796,14,2023,Transit
797,797,14,2023,Transit
798,798,14,2022,Transit
799,799,14,2022,Transit
800,800,14,2023,Transit
801,801,14,2023,Transit
802,802,14,2023,Transit
803,803,14,2024,Transit
804,804,14,2025,Transit
805,805,14,2023,Transit
806,806,14,2023,Transit
807,807,14,2024,Transit
808,808,14,2026,Transit
809,809,14,2023,Transit
810,810,14,2023,Transit
811,811,14,2023,Transit
812,812,14,2022,Transit
813,813,13,2023,Transit
814,814,14,2025,Transit
815,815,14,2025,Transit
816,816,14,2022,Transit
817,817,14,2023,Transit
818,818,14,2023,Transit
819,819,14,2023,Transit
820,820,14,2023,Transit
821,821,14,2022,Transit
822,822,14,2024,Transit
823,823,14,2022,Transit
824,824,4,2016,Transit
825,825,14,2023,Transit
826,826,4,2014,Transit
827,827,14,2023,Transit
828,828,4,2013,Transit
829,829,59,2022,Transit
830,830,35,2022,Radial Velocity
831,831,14,2022,Transit
832,832,14,2022,Transit
833,833,13,2023,Radial Velocity
834,834,14,2023,Transit
835,835,14,2025,Transit
836,836,14,2024,Transit
837,837,57,2023,Transit
838,838,60,2023,Transit
839,839,14,2025,Transit
840,840,14,2023,Transit
841,841,28,2023,Radial Velocity
842,842,7,2023,Radial Velocity
843,843,7,2023,Radial Velocity
844,844,14,2025,Transit
845,845,13,2023,Transit Timing Variations
846,846,61,2025,Radial Velocity
847,847,13,2023,Transit Timing Variations
848,848,14,2023,Transit
849,849,13,2023,Radial Velocity
850,850,13,2023,Transit
851,851,13,2023,Transit
852,852,13,2023,Transit
853,853,13,2023,Transit
854,854,13,2023,Transit
855,855,14,2024,Transit
856,856,14,2024,Transit
857,857,13,2024,Transit Timing Variations
858,858,14,2025,Transit
859,859,34,2025,Radial Velocity
860,860,14,2025,Transit
861,861,25,2025,Radial Velocity
862,862,11,2025,Radial Velocity
863,863,61,2025,Radial Velocity
864,864,61,2025,Radial Velocity
865,865,25,2026,Radial Velocity
866,866,13,2026,Transit
867,867,14,2024,Transit
868,868,25,2026,Radial Velocity
869,869,4,2011,Transit
870,870,4,2013,Transit
871,871,4,2016,Transit
872,872,4,2014,Transit
873,873,4,2012,Transit
874,874,4,2012,Transit
875,875,4,2014,Transit
876,876,4,2013,Transit
877,877,4,2013,Transit
878,878,4,2013,Transit
879,879,3,2016,Transit
880,880,2,2010,Transit
881,881,13,2018,Microlensing
882,882,14,2023,Transit
883,883,4,2016,Transit
884,884,14,2023,Transit
885,885,4,2014,Transit
886,886,7,2019,Radial Velocity
887,887,14,2025,Transit
888,888,14,2023,Transit
889,889,4,2016,Transit
890,890,28,2025,Radial Velocity
891,891,11,2004,Radial Velocity
892,892,14,2024,Transit
893,893,14,2026,Transit
894,894,13,2026,Imaging
895,895,3,2018,Transit
896,896,14,2025,Transit
897,897,4,2016,Transit
898,898,4,2014,Transit
899,899,4,2014,Transit
900,900,4,2021,Transit
901,901,14,2025,Transit Timing Variations
902,902,4,2016,Transit
903,903,9,2003,Radial Velocity
904,904,13,2017,Transit
905,905,3,2022,Transit
906,906,4,2016,Transit
907,907,17,2015,Transit
908,908,4,2013,Transit
909,909,4,2014,Transit
910,910,4,2014,Transit
911,911,4,2021,Transit
912,912,44,2019,Radial Velocity
913,913,7,2007,Radial Velocity
914,914,4,2016,Transit
915,915,4,2020,Transit
916,916,4,2016,Transit
917,917,4,2022,Transit
918,918,4,2014,Transit
919,919,4,2014,Transit
920,920,49,2021,Transit
921,921,4,2014,Transit
922,922,14,2026,Transit
923,923,4,2021,Transit
924,924,13,2026,Transit
925,925,4,2016,Transit
926,926,4,2015,Transit
927,927,3,2016,Transit
928,928,14,2023,Transit
929,929,27,2014,Transit
930,930,4,2014,Transit
931,931,11,2012,Radial Velocity
932,932,14,2025,Transit
933,933,4,2014,Transit
934,934,14,2026,Transit
935,935,25,2026,Radial Velocity
936,936,4,2021,Transit
937,937,13,2026,Radial Velocity
938,938,4,2016,Transit
939,939,14,2020,Transit
940,940,4,2021,Transit
941,941,4,2016,Transit
942,942,3,2019,Transit
943,943,3,2016,Transit
944,944,3,2018,Transit
945,945,14,2025,Transit
946,946,4,2016,Transit
947,947,14,2026,Transit
948,948,45,2023,Radial Velocity
949,949,14,2026,Transit
950,950,4,2016,Transit
951,951,4,2013,Transit
952,952,4,2016,Transit
953,953,3,2021,Transit
954,954,11,2002,Radial Velocity
955,955,4,2011,Transit
956,956,4,2016,Transit
957,957,26,2026,Microlensing
958,958,14,2026,Transit
959,959,4,2015,Transit
960,960,4,2020,Transit
961,961,4,2021,Transit
962,962,4,2016,Transit
963,963,4,2016,Transit
964,964,4,2021,Transit
965,965,44,2025,Radial Velocity
966,966,4,2021,Transit
967,967,4,2016,Transit
968,968,14,2023,Transit
969,969,4,2014,Transit
970,970,4,2016,Transit
971,971,4,2021,Transit
972,972,13,2024,Radial Velocity
973,973,14,2026,Transit
974,974,13,2021,Radial Velocity
975,975,4,2016,Transit
976,976,14,2021,Transit
977,977,4,2016,Transit
978,978,4,2016,Transit
979,979,4,2016,Transit
980,980,4,2023,Transit
981,981,4,2015,Transit
982,982,13,2023,Radial Velocity
983,983,4,2014,Transit
984,984,4,2016,Transit
985,985,14,2024,Transit
986,986,4,2020,Transit
987,987,4,2016,Transit
988,988,4,2014,Transit
989,989,7,2023,Radial Velocity
990,990,11,2007,Radial Velocity
991,991,13,2015,Radial Velocity
992,992,4,2016,Transit
993,993,5,2012,Transit
994,994,3,2018,Transit
995,995,3,2018,Transit
996,996,3,2018,Transit
997,997,4,2016,Transit
998,998,4,2016,Transit
999,999,14,2026,Transit
1000,1000,4,2016,Transit
1001,1001,14,2025,Transit
1002,1002,4,2021,Transit
1003,1003,4,2014,Transit
1004,1004,3,2018,Transit
1005,1005,4,2013,Transit
1006,1006,4,2016,Transit
1007,1007,4,2021,Transit
1008,1008,14,2020,Transit
1009,1009,3,2020,Transit
1010,1010,4,2016,Transit
1011,1011,13,2022,Radial Velocity
1012,1012,4,2013,Transit
1013,1013,11,1999,Radial Velocity
1014,1014,4,2014,Transit
1015,1015,4,2016,Transit
1016,1016,14,2026,Transit
1017,1017,4,2016,Transit
1018,1018,4,2014,Transit
1019,1019,4,2016,Transit
1020,1020,4,2023,Transit
1021,1021,13,2025,Radial Velocity
1022,1022,14,2022,Transit
1023,1023,4,2016,Transit
1024,1024,4,2015,Transit
1025,1025,24,2018,Transit
1026,1026,3,2016,Transit
1027,1027,14,2022,Transit
1028,1028,4,2014,Transit
1029,1029,62,2020,Radial Velocity
1030,1030,14,2026,Transit
1031,1031,4,2012,Transit
1032,1032,14,2024,Transit
1033,1033,14,2026,Transit
1034,1034,4,2016,Transit
1035,1035,4,2021,Transit
1036,1036,14,2026,Transit
1037,1037,4,2014,Transit
1038,1038,4,2016,Transit
1039,1039,4,2016,Transit
1040,1040,14,2024,Transit
1041,1041,44,2025,Radial Velocity
1042,1042,27,2018,Transit
1043,1043,4,2016,Transit
1044,1044,24,2018,Transit
1045,1045,3,2016,Transit
1046,1046,14,2026,Transit
1047,1047,54,2025,Transit
1048,1048,4,2021,Transit
1049,1049,3,2021,Transit
1050,1050,4,2014,Transit
1051,1051,4,2016,Transit
1052,1052,14,2026,Transit
1053,1053,14,2025,Transit
1054,1054,4,2016,Transit
1055,1055,7,2021,Radial Velocity
1056,1056,4,2012,Transit
1057,1057,4,2016,Transit
1058,1058,14,2021,Transit
1059,1059,4,2014,Transit
1060,1060,4,2014,Transit
1061,1061,4,2013,Transit Timing Variations
1062,1062,14,2022,Transit
1063,1063,4,2014,Transit
1064,1064,4,2015,Transit
1065,1065,17,2010,Transit
1066,1066,4,2014,Transit
1067,1067,14,2025,Transit
1068,1068,4,2016,Transit
1069,1069,4,2021,Transit
1070,1070,4,2016,Transit
1071,1071,4,2014,Transit
1072,1072,4,2021,Transit
1073,1073,4,2018,Transit
1074,1074,13,2022,Radial Velocity
1075,1075,9,2025,Radial Velocity
1076,1076,4,2014,Transit
1077,1077,14,2026,Transit
1078,1078,5,2008,Transit
1079,1079,4,2016,Transit
1080,1080,4,2025,Transit Timing Variations
1081,1081,4,2016,Transit
1082,1082,14,2023,Transit
1083,1083,4,2014,Transit
1084,1084,4,2016,Transit
1085,1085,3,2018,Transit
1086,1086,14,2023,Transit
1087,1087,4,2016,Transit
1088,1088,4,2021,Transit
1089,1089,61,2026,Radial Velocity
1090,1090,4,2014,Transit
1091,1091,14,2025,Transit
1092,1092,4,2016,Transit
1093,1093,4,2016,Transit
1094,1094,13,2022,Radial Velocity
1095,1095,14,2024,Transit
1096,1096,4,2014,Transit
1097,1097,4,2018,Transit
1098,1098,4,2014,Transit
1099,1099,4,2016,Transit
1100,1100,3,2020,Transit
1101,1101,4,2016,Transit
1102,1102,14,2025,Transit
1103,1103,4,2016,Transit
1104,1104,5,2012,Transit
1105,1105,3,2016,Transit
1106,1106,4,2024,Transit
1107,1107,4,2016,Transit
1108,1108,4,2016,Transit
1109,1109,4,2014,Transit
1110,1110,14,2022,Transit
1111,1111,14,2022,Transit
1112,1112,4,2016,Transit
1113,1113,14,2026,Transit
1114,1114,4,2016,Transit
1115,1115,4,2016,Transit
1116,1116,4,2016,Transit
1117,1117,13,2016,Radial Velocity
1118,1118,4,2016,Transit
1119,1119,4,2021,Transit
1120,1120,4,2016,Transit
1121,1121,3,2018,Transit
1122,1122,4,2021,Transit
1123,1123,34,2023,Radial Velocity
1124,1124,4,2014,Transit
1125,1125,4,2016,Transit
1126,1126,4,2021,Transit
1127,1127,14,2026,Transit
1128,1128,4,2016,Transit
1129,1129,9,2010,Radial Velocity
1130,1130,11,2021,Radial Velocity
1131,1131,4,2014,Transit
1132,1132,3,2018,Transit
1133,1133,4,2023,Transit
1134,1134,14,2025,Transit
1135,1135,14,2023,Transit
1136,1136,4,2016,Transit
1137,1137,14,2020,Transit
1138,1138,11,2009,Radial Velocity
1139,1139,4,2020,Transit
1140,1140,14,2024,Transit
1141,1141,24,2016,Transit
1142,1142,4,2016,Transit
1143,1143,4,2023,Transit
1144,1144,4,2022,Transit
1145,1145,13,2025,Radial Velocity
1146,1146,4,2016,Transit
1147,1147,4,2021,Transit
1148,1148,4,2014,Transit
1149,1149,4,2016,Transit
1150,1150,14,2026,Transit
1151,1151,3,2017,Transit
1152,1152,4,2016,Transit
1153,1153,3,2018,Transit
1154,1154,30,2012,Radial Velocity
1155,1155,4,2019,Transit
1156,1156,14,2021,Transit
1157,1157,14,2022,Transit
1158,1158,33,2019,Radial Velocity
1159,1159,14,2023,Transit
1160,1160,3,2018,Transit
1161,1161,4,2010,Transit
1162,1162,3,2017,Transit
1163,1163,4,2016,Transit
1164,1164,14,2024,Transit
1165,1165,4,2021,Transit
1166,1166,14,2026,Transit
1167,1167,2,2015,Transit
1168,1168,12,2002,Radial Velocity
1169,1169,27,2020,Transit
1170,1170,3,2021,Transit
1171,1171,7,2020,Radial Velocity
1172,1172,4,2014,Transit
1173,1173,4,2016,Transit
1174,1174,3,2018,Transit
1175,1175,4,2016,Transit
1176,1176,14,2024,Transit
1177,1177,14,2025,Transit
1178,1178,3,2018,Transit
1179,1179,4,2016,Transit
1180,1180,11,2014,Radial Velocity
1181,1181,14,2026,Transit
1182,1182,4,2021,Transit
1183,1183,14,2021,Transit
1184,1184,4,2014,Transit
1185,1185,3,2022,Transit
1186,1186,11,2014,Radial Velocity
1187,1187,4,2014,Transit
1188,1188,4,2014,Transit
1189,1189,4,2016,Transit
1190,1190,33,2019,Radial Velocity
1191,1191,4,2021,Transit
1192,1192,14,2024,Transit
1193,1193,20,2021,Radial Velocity
1194,1194,13,2022,Radial Velocity
1195,1195,14,2024,Transit
1196,1196,4,2023,Transit
1197,1197,4,2021,Transit
1198,1198,4,2021,Transit
1199,1199,4,2016,Transit
1200,1200,14,2026,Transit
1201,1201,14,2019,Transit
1202,1202,14,2024,Transit
1203,1203,14,2023,Transit
1204,1204,14,2021,Transit
1205,1205,14,2026,Transit
1206,1206,4,2014,Transit
1207,1207,3,2016,Transit
1208,1208,13,2022,Radial Velocity
1209,1209,4,2016,Transit
1210,1210,3,2018,Transit
1211,1211,3,2020,Transit
1212,1212,13,2021,Radial Velocity
1213,1213,4,2014,Transit
1214,1214,4,2014,Transit
1215,1215,14,2024,Transit
1216,1216,28,2025,Radial Velocity
1217,1217,14,2025,Transit
1218,1218,28,2020,Radial Velocity
1219,1219,4,2014,Transit
1220,1220,4,2016,Transit
1221,1221,3,2015,Transit
1222,1222,27,2016,Transit
1223,1223,4,2016,Transit
1224,1224,4,2016,Transit
1225,1225,62,2020,Radial Velocity
1226,1226,4,2014,Transit
1227,1227,14,2019,Transit
1228,1228,4,2016,Transit
1229,1229,4,2021,Transit
1230,1230,14,2022,Transit
1231,1231,1,2010,Radial Velocity
1232,1232,4,2014,Transit
1233,1233,14,2026,Transit
1234,1234,4,2020,Transit
1235,1235,4,2014,Transit
1236,1236,13,2010,Eclipse Timing Variations
1237,1237,4,2021,Transit
1238,1238,14,2024,Transit
1239,1239,4,2016,Transit
1240,1240,4,2014,Transit
1241,1241,4,2014,Transit
1242,1242,3,2022,Transit
1243,1243,4,2016,Transit
1244,1244,4,2014,Transit
1245,1245,4,2016,Transit
1246,1246,4,2016,Transit
1247,1247,4,2021,Transit
1248,1248,4,2016,Transit
1249,1249,3,2019,Transit
1250,1250,3,2018,Transit
1251,1251,4,2016,Transit
1252,1252,4,2016,Transit
1253,1253,11,2022,Radial Velocity
1254,1254,60,2006,Imaging
1255,1255,3,2022,Transit
1256,1256,4,2013,Transit
1257,1257,28,2026,Radial Velocity
1258,1258,3,2015,Transit
1259,1259,14,2025,Transit
1260,1260,4,2016,Transit
1261,1261,4,2021,Transit
1262,1262,4,2021,Transit
1263,1263,14,2025,Transit
1264,1264,4,2016,Transit
1265,1265,4,2014,Transit
1266,1266,13,2014,Radial Velocity
1267,1267,11,2011,Radial Velocity
1268,1268,4,2016,Transit
1269,1269,20,2020,Radial Velocity
1270,1270,4,2016,Transit
1271,1271,4,2016,Transit
1272,1272,20,2021,Radial Velocity
1273,1273,4,2021,Transit
1274,1274,4,2014,Transit
1275,1275,13,2018,Radial Velocity
1276,1276,4,2011,Transit
1277,1277,4,2014,Transit
1278,1278,4,2016,Transit
1279,1279,4,2016,Transit
1280,1280,14,2025,Transit
1281,1281,4,2021,Transit
1282,1282,30,2023,Radial Velocity
1283,1283,14,2025,Transit
1284,1284,7,2019,Radial Velocity
1285,1285,4,2016,Transit
1286,1286,4,2014,Transit
1287,1287,4,2016,Transit
1288,1288,33,2016,Radial Velocity
1289,1289,20,2020,Radial Velocity
1290,1290,5,2016,Transit
1291,1291,14,2025,Transit
1292,1292,4,2016,Transit
1293,1293,4,2024,Transit
1294,1294,4,2016,Transit
1295,1295,3,2018,Transit
1296,1296,11,2010,Radial Velocity
1297,1297,13,2025,Radial Velocity
1298,1298,4,2016,Transit
1299,1299,4,2021,Transit
1300,1300,4,2016,Transit
1301,1301,4,2014,Transit
1302,1302,4,2016,Transit
1303,1303,4,2020,Transit
1304,1304,4,2014,Transit
1305,1305,14,2024,Transit
1306,1306,3,2022,Transit
1307,1307,4,2021,Transit
1308,1308,4,2016,Transit
1309,1309,13,2024,Radial Velocity
1310,1310,4,2016,Transit
1311,1311,4,2016,Transit
1312,1312,14,2022,Transit
1313,1313,4,2016,Transit
1314,1314,17,2011,Transit
1315,1315,3,2018,Transit
1316,1316,7,2010,Radial Velocity
1317,1317,4,2014,Transit
1318,1318,11,2002,Radial Velocity
1319,1319,4,2016,Transit
1320,1320,14,2023,Transit
1321,1321,3,2016,Transit
1322,1322,3,2022,Transit
1323,1323,4,2016,Transit
1324,1324,3,2018,Transit
1325,1325,4,2016,Transit
1326,1326,4,2021,Transit
1327,1327,13,2026,Radial Velocity
1328,1328,4,2015,Transit
1329,1329,49,2020,Transit
1330,1330,4,2016,Transit
1331,1331,4,2016,Pulsation Timing Variations
1332,1332,13,2021,Radial Velocity
1333,1333,4,2016,Transit
1334,1334,14,2024,Transit
1335,1335,4,2016,Transit
1336,1336,3,2019,Transit
1337,1337,11,2007,Radial Velocity
1338,1338,4,2023,Transit
1339,1339,4,2016,Transit
1340,1340,14,2024,Transit
1341,1341,4,2016,Transit
1342,1342,14,2024,Transit
1343,1343,25,2026,Radial Velocity
1344,1344,3,2018,Transit
1345,1345,4,2014,Transit
1346,1346,13,2020,Radial Velocity
1347,1347,4,2013,Transit
1348,1348,4,2014,Transit
1349,1349,14,2025,Transit
1350,1350,4,2021,Transit
1351,1351,4,2014,Transit
1352,1352,14,2024,Transit
1353,1353,4,2016,Transit
1354,1354,4,2014,Transit
1355,1355,3,2016,Transit
1356,1356,14,2023,Transit
1357,1357,4,2014,Transit
1358,1358,13,2022,Eclipse Timing Variations
1359,1359,4,2016,Transit
1360,1360,3,2021,Transit
1361,1361,4,2016,Transit
1362,1362,25,2023,Radial Velocity
1363,1363,4,2012,Transit
1364,1364,4,2016,Transit
1365,1365,4,2014,Transit
1366,1366,4,2016,Transit
1367,1367,9,2007,Radial Velocity
1368,1368,14,2022,Transit
1369,1369,4,2021,Transit
1370,1370,4,2016,Transit
1371,1371,4,2021,Transit
1372,1372,20,2020,Radial Velocity
1373,1373,4,2014,Transit
1374,1374,4,2016,Transit
1375,1375,14,2020,Transit
1376,1376,4,2016,Transit
1377,1377,4,2016,Transit
1378,1378,13,2022,Eclipse Timing Variations
1379,1379,63,2025,Imaging
1380,1380,14,2024,Transit
1381,1381,4,2019,Transit
1382,1382,4,2021,Transit
1383,1383,4,2016,Transit
1384,1384,4,2021,Transit
1385,1385,4,2014,Transit
1386,1386,4,2014,Transit
1387,1387,4,2016,Transit
1388,1388,4,2016,Transit
1389,1389,4,2016,Transit
1390,1390,20,2015,Radial Velocity
1391,1391,3,2016,Transit
1392,1392,4,2014,Transit
1393,1393,13,2022,Radial Velocity
1394,1394,4,2016,Transit
1395,1395,3,2021,Transit
1396,1396,14,2025,Transit
1397,1397,4,2016,Transit
1398,1398,3,2021,Transit
1399,1399,4,2014,Transit
1400,1400,4,2011,Transit
1401,1401,7,2019,Radial Velocity
1402,1402,4,2016,Transit
1403,1403,4,2016,Transit
1404,1404,13,2014,Radial Velocity
1405,1405,33,2019,Radial Velocity
1406,1406,4,2014,Transit
1407,1407,4,2014,Transit
1408,1408,64,2021,Imaging
1409,1409,4,2016,Transit
1410,1410,30,2018,Radial Velocity
1411,1411,12,2003,Radial Velocity
1412,1412,4,2016,Transit
1413,1413,7,2019,Radial Velocity
1414,1414,4,2016,Transit
1415,1415,14,2023,Transit
1416,1416,13,2024,Radial Velocity
1417,1417,3,2016,Transit
1418,1418,14,2026,Transit
1419,1419,4,2016,Transit
1420,1420,4,2020,Transit
1421,1421,5,2012,Transit
1422,1422,4,2021,Transit
1423,1423,14,2024,Transit
1424,1424,14,2025,Transit
1425,1425,4,2014,Transit
1426,1426,4,2014,Transit
1427,1427,3,2021,Transit
1428,1428,4,2016,Transit
1429,1429,30,2022,Radial Velocity
1430,1430,14,2026,Transit
1431,1431,3,2019,Transit
1432,1432,4,2021,Transit
1433,1433,4,2021,Transit
1434,1434,4,2016,Transit
1435,1435,13,2017,Radial Velocity
1436,1436,4,2016,Transit
1437,1437,4,2023,Transit
1438,1438,4,2016,Transit
1439,1439,4,2021,Transit
1440,1440,7,2021,Radial Velocity
1441,1441,4,2014,Transit
1442,1442,4,2016,Transit
1443,1443,5,2014,Transit
1444,1444,4,2016,Transit
1445,1445,4,2014,Transit
1446,1446,3,2019,Transit
1447,1447,14,2025,Transit
1448,1448,3,2018,Transit
1449,1449,14,2026,Transit
1450,1450,4,2014,Transit
1451,1451,4,2016,Transit
1452,1452,4,2016,Transit
1453,1453,4,2020,Transit
1454,1454,4,2021,Transit
1455,1455,4,2016,Transit
1456,1456,65,2010,Imaging
1457,1457,11,2023,Radial Velocity
1458,1458,4,2021,Transit
1459,1459,14,2023,Transit
1460,1460,11,2018,Radial Velocity
1461,1461,14,2024,Transit
1462,1462,4,2011,Transit
1463,1463,4,2021,Transit
1464,1464,4,2016,Transit
1465,1465,11,2016,Radial Velocity
1466,1466,4,2016,Transit
1467,1467,7,2009,Radial Velocity
1468,1468,14,2026,Transit
1469,1469,4,2016,Transit
1470,1470,4,2020,Transit
1471,1471,20,2021,Radial Velocity
1472,1472,4,2014,Transit
1473,1473,4,2014,Transit
1474,1474,4,2016,Transit
1475,1475,11,2005,Radial Velocity
1476,1476,5,2007,Transit
1477,1477,4,2021,Transit
1478,1478,4,2016,Transit
1479,1479,4,2014,Transit
1480,1480,4,2016,Transit
1481,1481,4,2023,Transit
1482,1482,4,2016,Transit
1483,1483,4,2021,Transit
1484,1484,4,2016,Transit
1485,1485,4,2016,Transit
1486,1486,27,2016,Transit
1487,1487,14,2019,Transit
1488,1488,14,2022,Transit
1489,1489,44,2025,Radial Velocity
1490,1490,4,2021,Transit
1491,1491,4,2014,Transit
1492,1492,7,2021,Radial Velocity
1493,1493,4,2014,Transit
1494,1494,13,2022,Radial Velocity
1495,1495,4,2016,Transit
1496,1496,4,2016,Transit
1497,1497,13,2022,Radial Velocity
1498,1498,14,2020,Transit
1499,1499,27,2021,Transit
1500,1500,4,2016,Transit
1501,1501,4,2016,Transit
1502,1502,4,2016,Transit
1503,1503,11,2025,Radial Velocity
1504,1504,4,2021,Transit
1505,1505,3,2018,Transit
1506,1506,63,2025,Imaging
1507,1507,14,2026,Transit
1508,1508,14,2020,Transit
1509,1509,4,2016,Transit
1510,1510,28,2014,Radial Velocity
1511,1511,4,2021,Transit
1512,1512,4,2014,Transit
1513,1513,4,2016,Transit
1514,1514,14,2025,Transit
1515,1515,4,2014,Transit
1516,1516,14,2026,Transit
1517,1517,3,2021,Transit
1518,1518,14,2025,Transit
1519,1519,3,2018,Transit
1520,1520,4,2016,Transit
1521,1521,14,2023,Transit
1522,1522,2,2011,Transit
1523,1523,4,2016,Transit
1524,1524,4,2016,Transit
1525,1525,3,2021,Transit
1526,1526,13,2016,Radial Velocity
1527,1527,4,2016,Transit
1528,1528,11,2008,Radial Velocity
1529,1529,34,2025,Radial Velocity
1530,1530,4,2014,Transit
1531,1531,47,2021,Transit
1532,1532,14,2026,Transit
1533,1533,4,2015,Transit
1534,1534,13,2024,Transit Timing Variations
1535,1535,45,2022,Radial Velocity
1536,1536,4,2016,Transit
1537,1537,14,2025,Transit
1538,1538,12,2003,Radial Velocity
1539,1539,27,2018,Transit
1540,1540,14,2026,Transit
1541,1541,14,2022,Transit
1542,1542,14,2023,Transit
1543,1543,14,2023,Transit
1544,1544,7,2026,Radial Velocity
1545,1545,3,2021,Transit
1546,1546,4,2016,Transit
1547,1547,14,2024,Transit
1548,1548,4,2016,Transit
1549,1549,4,2016,Transit
1550,1550,4,2014,Transit
1551,1551,11,2014,Radial Velocity
1552,1552,4,2014,Transit
1553,1553,4,2016,Transit
1554,1554,13,2019,Eclipse Timing Variations
1555,1555,14,2020,Transit
1556,1556,4,2016,Transit
1557,1557,13,2014,Radial Velocity
1558,1558,14,2024,Transit
1559,1559,4,2016,Transit
1560,1560,14,2024,Transit
1561,1561,4,2014,Transit
1562,1562,14,2022,Transit
1563,1563,11,2005,Radial Velocity
1564,1564,13,2025,Radial Velocity
1565,1565,4,2016,Transit
1566,1566,11,2005,Radial Velocity
1567,1567,4,2021,Transit
1568,1568,4,2016,Transit
1569,1569,14,2022,Transit
1570,1570,3,2015,Transit
1571,1571,49,2024,Transit
1572,1572,4,2014,Transit
1573,1573,14,2025,Transit
1574,1574,4,2021,Transit
1575,1575,4,2023,Transit
1576,1576,4,2016,Transit
1577,1577,4,2014,Transit
1578,1578,13,2022,Radial Velocity
1579,1579,14,2024,Transit
1580,1580,4,2016,Transit
1581,1581,3,2021,Transit
1582,1582,4,2014,Transit
1583,1583,4,2016,Transit
1584,1584,4,2016,Transit
1585,1585,47,2021,Transit
1586,1586,14,2023,Transit
1587,1587,25,2015,Radial Velocity
1588,1588,4,2016,Transit
1589,1589,4,2016,Transit
1590,1590,66,2018,Imaging
1591,1591,14,2024,Transit
1592,1592,4,2016,Transit
1593,1593,14,2026,Transit
1594,1594,4,2014,Transit
1595,1595,4,2014,Transit
1596,1596,45,2023,Radial Velocity
1597,1597,7,2021,Radial Velocity
1598,1598,45,2015,Radial Velocity
1599,1599,4,2016,Transit
1600,1600,9,2022,Radial Velocity
1601,1601,14,2026,Transit
1602,1602,4,2018,Transit Timing Variations
1603,1603,7,2019,Radial Velocity
1604,1604,4,2016,Transit
1605,1605,14,2026,Transit
1606,1606,3,2018,Transit
1607,1607,4,2014,Transit
1608,1608,4,2016,Transit Timing Variations
1609,1609,1,2015,Radial Velocity
1610,1610,11,2016,Radial Velocity
1611,1611,4,2016,Transit
1612,1612,4,2016,Transit
1613,1613,11,2024,Radial Velocity
1614,1614,11,2016,Radial Velocity
1615,1615,4,2016,Transit
1616,1616,20,2025,Radial Velocity
1617,1617,4,2016,Transit
1618,1618,4,2016,Transit
1619,1619,4,2021,Transit
1620,1620,3,2018,Transit
1621,1621,14,2026,Transit
1622,1622,4,2016,Transit
1623,1623,2,2015,Transit
1624,1624,4,2014,Transit
1625,1625,13,2015,Radial Velocity
1626,1626,61,2026,Radial Velocity
1627,1627,4,2016,Transit
1628,1628,4,2014,Transit
1629,1629,3,2017,Transit
1630,1630,9,2022,Radial Velocity
1631,1631,4,2016,Transit
1632,1632,4,2016,Transit
1633,1633,4,2021,Transit
1634,1634,14,2022,Transit
1635,1635,4,2016,Transit
1636,1636,4,2016,Transit
1637,1637,5,2014,Transit
1638,1638,7,2015,Radial Velocity
1639,1639,14,2026,Transit
1640,1640,13,2024,Radial Velocity
1641,1641,4,2016,Transit
1642,1642,4,2016,Transit
1643,1643,27,2015,Transit
1644,1644,4,2023,Transit
1645,1645,4,2016,Transit
1646,1646,14,2023,Transit
1647,1647,4,2014,Transit
1648,1648,4,2016,Transit
1649,1649,14,2023,Transit
1650,1650,24,2018,Transit
1651,1651,5,2016,Transit
1652,1652,27,2016,Transit
1653,1653,14,2021,Transit
1654,1654,11,2018,Radial Velocity
1655,1655,4,2016,Transit
1656,1656,7,2013,Radial Velocity
1657,1657,4,2016,Transit
1658,1658,14,2024,Transit
1659,1659,4,2016,Transit
1660,1660,25,2018,Eclipse Timing Variations
1661,1661,14,2021,Transit
1662,1662,67,2008,Imaging
1663,1663,4,2016,Transit
1664,1664,41,2008,Radial Velocity
1665,1665,4,2014,Transit
1666,1666,4,2023,Transit
1667,1667,4,2016,Transit
1668,1668,7,2017,Radial Velocity
1669,1669,14,2026,Transit
1670,1670,4,2021,Transit
1671,1671,49,2019,Transit
1672,1672,4,2016,Transit
1673,1673,4,2016,Transit
1674,1674,4,2014,Transit
1675,1675,4,2016,Transit
1676,1676,7,2023,Radial Velocity
1677,1677,4,2016,Transit
1678,1678,68,2011,Eclipse Timing Variations
1679,1679,4,2016,Transit
1680,1680,5,2015,Transit
1681,1681,11,2016,Radial Velocity
1682,1682,4,2013,Transit
1683,1683,28,2014,Radial Velocity
1684,1684,4,2016,Transit
1685,1685,4,2012,Transit
1686,1686,4,2016,Transit
1687,1687,14,2023,Transit
1688,1688,13,2021,Radial Velocity
1689,1689,4,2020,Transit
1690,1690,32,2022,Transit
1691,1691,24,2016,Transit
1692,1692,14,2024,Transit
1693,1693,7,2020,Radial Velocity
1694,1694,3,2016,Transit
1695,1695,4,2011,Transit
1696,1696,4,2014,Transit
1697,1697,20,2023,Radial Velocity
1698,1698,4,2014,Transit
1699,1699,57,2019,Transit
1700,1700,4,2014,Transit
1701,1701,4,2021,Transit
1702,1702,4,2016,Transit
1703,1703,4,2010,Transit
1704,1704,14,2023,Transit
1705,1705,4,2016,Transit
1706,1706,28,2023,Radial Velocity
1707,1707,44,2021,Radial Velocity
1708,1708,4,2016,Transit
1709,1709,4,2014,Transit
1710,1710,3,2021,Transit
1711,1711,4,2013,Transit
1712,1712,4,2016,Transit
1713,1713,7,2005,Radial Velocity
1714,1714,3,2022,Transit
1715,1715,12,2007,Radial Velocity
1716,1716,4,2016,Transit
1717,1717,4,2013,Transit
1718,1718,3,2018,Transit
1719,1719,4,2016,Transit
1720,1720,11,2013,Radial Velocity
1721,1721,4,2014,Transit
1722,1722,4,2016,Transit
1723,1723,14,2024,Transit
1724,1724,11,2009,Radial Velocity
1725,1725,4,2014,Transit
1726,1726,4,2016,Transit
1727,1727,4,2016,Transit
1728,1728,4,2021,Transit
1729,1729,13,2024,Imaging
1730,1730,4,2016,Transit
1731,1731,4,2014,Transit
1732,1732,41,2011,Radial Velocity
1733,1733,65,2008,Imaging
1734,1734,4,2021,Transit
1735,1735,4,2016,Transit
1736,1736,4,2016,Transit
1737,1737,14,2025,Transit
1738,1738,3,2016,Transit
1739,1739,4,2015,Eclipse Timing Variations
1740,1740,14,2021,Transit
1741,1741,25,2026,Radial Velocity
1742,1742,4,2012,Transit
1743,1743,4,2016,Transit
1744,1744,4,2023,Transit
1745,1745,14,2021,Transit
1746,1746,13,2022,Radial Velocity
1747,1747,4,2014,Transit
1748,1748,4,2020,Transit
1749,1749,4,2016,Transit
1750,1750,13,2011,Eclipse Timing Variations
1751,1751,7,2011,Radial Velocity
1752,1752,14,2026,Transit
1753,1753,4,2021,Transit
1754,1754,14,2025,Transit
1755,1755,4,2020,Transit
1756,1756,20,2016,Radial Velocity
1757,1757,11,2022,Radial Velocity
1758,1758,4,2016,Transit
1759,1759,4,2016,Transit
1760,1760,13,2002,Radial Velocity
1761,1761,4,2014,Transit
1762,1762,4,2016,Transit
1763,1763,3,2018,Transit
1764,1764,25,2015,Radial Velocity
1765,1765,11,2006,Radial Velocity
1766,1766,4,2014,Transit
1767,1767,7,2016,Radial Velocity
1768,1768,4,2014,Transit
1769,1769,4,2013,Transit
1770,1770,14,2022,Transit
1771,1771,1,2012,Radial Velocity
1772,1772,4,2020,Transit
1773,1773,13,2025,Radial Velocity
1774,1774,4,2016,Transit
1775,1775,4,2014,Transit
1776,1776,41,2004,Radial Velocity
1777,1777,4,2016,Transit
1778,1778,4,2021,Transit
1779,1779,3,2018,Transit
1780,1780,49,2019,Transit
1781,1781,4,2016,Transit
1782,1782,4,2013,Transit
1783,1783,14,2022,Transit
1784,1784,3,2019,Transit
1785,1785,14,2026,Transit
1786,1786,3,2018,Transit
1787,1787,14,2026,Transit
1788,1788,4,2016,Transit
1789,1789,69,2015,Imaging
1790,1790,7,2025,Radial Velocity
1791,1791,4,2014,Transit
1792,1792,7,2020,Radial Velocity
1793,1793,4,2016,Transit
1794,1794,4,2014,Transit
1795,1795,13,2016,Radial Velocity
1796,1796,4,2014,Transit
1797,1797,3,2022,Transit
1798,1798,14,2024,Transit
1799,1799,4,2016,Transit
1800,1800,58,2020,Transit
1801,1801,4,2014,Transit
1802,1802,11,2018,Radial Velocity
1803,1803,44,2025,Radial Velocity
1804,1804,4,2016,Transit
1805,1805,2,2019,Transit
1806,1806,4,2016,Transit
1807,1807,4,2011,Transit
1808,1808,4,2016,Transit
1809,1809,14,2021,Transit
1810,1810,20,2016,Radial Velocity
1811,1811,14,2026,Transit
1812,1812,34,2021,Radial Velocity
1813,1813,4,2016,Transit
1814,1814,4,2021,Transit
1815,1815,4,2016,Transit
1816,1816,32,2022,Transit
1817,1817,4,2016,Transit
1818,1818,4,2023,Transit
1819,1819,14,2020,Transit
1820,1820,27,2017,Transit
1821,1821,4,2014,Transit
1822,1822,4,2016,Transit
1823,1823,4,2016,Transit
1824,1824,4,2016,Transit
1825,1825,3,2016,Transit
1826,1826,14,2021,Transit
1827,1827,11,1998,Radial Velocity
1828,1828,4,2014,Transit
1829,1829,4,2016,Transit
1830,1830,4,2016,Transit
1831,1831,13,2022,Radial Velocity
1832,1832,4,2016,Transit
1833,1833,4,2014,Transit
1834,1834,4,2016,Transit
1835,1835,20,2016,Radial Velocity
1836,1836,4,2014,Transit
1837,1837,44,2017,Radial Velocity
1838,1838,4,2016,Transit
1839,1839,4,2015,Transit
1840,1840,30,2022,Radial Velocity
1841,1841,5,2014,Transit
1842,1842,14,2024,Transit
1843,1843,14,2023,Transit
1844,1844,14,2021,Transit
1845,1845,6,2004,Transit
1846,1846,4,2023,Transit
1847,1847,4,2014,Transit
1848,1848,4,2016,Transit
1849,1849,4,2014,Transit
1850,1850,13,1999,Radial Velocity
1851,1851,14,2025,Transit
1852,1852,3,2018,Transit
1853,1853,70,2004,Imaging
1854,1854,21,2010,Radial Velocity
1855,1855,14,2025,Transit
1856,1856,4,2016,Transit
1857,1857,27,2016,Transit
1858,1858,71,2025,Transit
1859,1859,4,2021,Transit
1860,1860,14,2026,Transit
1861,1861,3,2018,Transit
1862,1862,11,2002,Radial Velocity
1863,1863,4,2016,Transit
1864,1864,14,2025,Transit
1865,1865,4,2012,Transit
1866,1866,4,2016,Transit
1867,1867,4,2021,Transit
1868,1868,14,2023,Transit
1869,1869,4,2020,Transit
1870,1870,11,2006,Radial Velocity
1871,1871,14,2023,Transit
1872,1872,4,2023,Transit
1873,1873,4,2014,Transit
1874,1874,4,2011,Transit
1875,1875,4,2016,Transit
1876,1876,14,2024,Transit
1877,1877,3,2023,Transit
1878,1878,4,2016,Transit
1879,1879,4,2016,Transit
1880,1880,14,2026,Transit
1881,1881,51,2010,Radial Velocity
1882,1882,4,2014,Transit
1883,1883,4,2016,Transit
1884,1884,14,2022,Transit
1885,1885,14,2026,Transit
1886,1886,11,2009,Radial Velocity
1887,1887,4,2021,Transit
1888,1888,4,2014,Transit
1889,1889,4,2014,Transit
1890,1890,4,2023,Eclipse Timing Variations
1891,1891,4,2014,Transit
1892,1892,2,2011,Transit
1893,1893,4,2016,Transit
1894,1894,4,2021,Orbital Brightness Modulation
1895,1895,3,2019,Transit
1896,1896,4,2016,Transit
1897,1897,20,2010,Radial Velocity
1898,1898,14,2025,Transit
1899,1899,3,2023,Transit
1900,1900,4,2016,Transit
1901,1901,4,2014,Transit
1902,1902,4,2011,Transit
1903,1903,3,2018,Transit
1904,1904,23,2020,Microlensing
1905,1905,23,2026,Microlensing
1906,1906,23,2024,Microlensing
1907,1907,4,2016,Transit
1908,1908,8,2017,Microlensing
1909,1909,11,2023,Radial Velocity
1910,1910,20,2009,Radial Velocity
1911,1911,13,2020,Transit
1912,1912,4,2021,Transit
1913,1913,13,2016,Radial Velocity
1914,1914,4,2014,Transit
1915,1915,4,2020,Transit
1916,1916,4,2013,Transit
1917,1917,4,2021,Transit
1918,1918,23,2025,Microlensing
1919,1919,16,2003,Pulsar Timing
1920,1920,63,2020,Imaging
1921,1921,8,2018,Microlensing
1922,1922,23,2023,Microlensing
1923,1923,8,2022,Microlensing
1924,1924,26,2018,Microlensing
1925,1925,8,2008,Microlensing
1926,1926,8,2013,Microlensing
1927,1927,4,2016,Transit
1928,1928,14,2020,Transit
1929,1929,41,2013,Radial Velocity
1930,1930,4,2016,Transit
1931,1931,9,2022,Radial Velocity
1932,1932,14,2026,Transit
1933,1933,14,2026,Transit
1934,1934,23,2021,Microlensing
1935,1935,26,2024,Microlensing
1936,1936,13,2025,Radial Velocity
1937,1937,4,2014,Transit
1938,1938,8,2021,Microlensing
1939,1939,39,2012,Imaging
1940,1940,23,2026,Microlensing
1941,1941,23,2023,Microlensing
1942,1942,23,2019,Microlensing
1943,1943,26,2008,Microlensing
1944,1944,13,2011,Eclipse Timing Variations
1945,1945,72,2025,Imaging
1946,1946,4,2016,Transit
1947,1947,4,2016,Transit
1948,1948,14,2022,Transit
1949,1949,9,2004,Radial Velocity
1950,1950,26,2012,Microlensing
1951,1951,8,2018,Microlensing
1952,1952,4,2016,Transit
1953,1953,4,2016,Transit
1954,1954,54,2025,Transit
1955,1955,23,2022,Microlensing
1956,1956,23,2023,Microlensing
1957,1957,5,2012,Transit
1958,1958,23,2021,Microlensing
1959,1959,14,2026,Transit
1960,1960,8,2024,Microlensing
1961,1961,8,2024,Microlensing
1962,1962,13,2017,Eclipse Timing Variations
1963,1963,23,2020,Microlensing
1964,1964,4,2016,Transit
1965,1965,4,2014,Transit
1966,1966,3,2018,Transit
1967,1967,4,2020,Transit
1968,1968,23,2022,Microlensing
1969,1969,4,2011,Orbital Brightness Modulation
1970,1970,23,2024,Microlensing
1971,1971,23,2023,Microlensing
1972,1972,8,2016,Microlensing
1973,1973,14,2026,Transit
1974,1974,4,2016,Transit
1975,1975,23,2025,Microlensing
1976,1976,4,2014,Transit
1977,1977,14,2024,Transit
1978,1978,4,2021,Transit
1979,1979,14,2022,Transit
1980,1980,24,2018,Transit
1981,1981,4,2014,Transit
1982,1982,23,2024,Microlensing
1983,1983,4,2016,Transit
1984,1984,8,2023,Microlensing
1985,1985,4,2014,Transit
1986,1986,14,2026,Transit
1987,1987,14,2026,Transit
1988,1988,8,2019,Microlensing
1989,1989,14,2026,Transit
1990,1990,8,2020,Microlensing
1991,1991,8,2023,Microlensing
1992,1992,26,2012,Microlensing
1993,1993,4,2014,Transit
1994,1994,23,2021,Microlensing
1995,1995,73,2005,Radial Velocity
1996,1996,4,2016,Transit
1997,1997,4,2014,Transit
1998,1998,45,2012,Radial Velocity
1999,1999,14,2025,Transit
2000,2000,23,2016,Microlensing
2001,2001,4,2025,Transit Timing Variations
2002,2002,9,2026,Radial Velocity
2003,2003,9,2026,Radial Velocity
2004,2004,23,2022,Microlensing
2005,2005,8,2022,Microlensing
2006,2006,45,2010,Radial Velocity
2007,2007,14,2022,Transit
2008,2008,23,2025,Microlensing
2009,2009,4,2014,Transit
2010,2010,4,2016,Transit
2011,2011,8,2021,Microlensing
2012,2012,23,2022,Microlensing
2013,2013,26,2012,Microlensing
2014,2014,23,2025,Microlensing
2015,2015,23,2022,Microlensing
2016,2016,4,2014,Transit
2017,2017,44,2018,Radial Velocity
2018,2018,4,2016,Transit
2019,2019,4,2014,Transit
2020,2020,4,2016,Transit
2021,2021,14,2024,Transit
2022,2022,4,2014,Transit
2023,2023,8,2021,Microlensing
2024,2024,26,2024,Microlensing
2025,2025,23,2023,Microlensing
2026,2026,23,2025,Microlensing
2027,2027,23,2022,Microlensing
2028,2028,4,2020,Transit
2029,2029,3,2016,Transit
2030,2030,8,2022,Microlensing
2031,2031,23,2026,Microlensing
2032,2032,20,2021,Radial Velocity
2033,2033,5,2014,Transit
2034,2034,4,2016,Transit
2035,2035,4,2014,Transit
2036,2036,4,2014,Transit
2037,2037,4,2023,Transit
2038,2038,23,2026,Microlensing
2039,2039,4,2011,Transit
2040,2040,14,2025,Transit
2041,2041,23,2021,Microlensing
2042,2042,8,2022,Microlensing
2043,2043,8,2009,Microlensing
2044,2044,26,2014,Microlensing
2045,2045,4,2014,Transit
2046,2046,23,2026,Microlensing
2047,2047,23,2020,Microlensing
2048,2048,8,2018,Microlensing
2049,2049,23,2025,Microlensing
2050,2050,23,2021,Microlensing
2051,2051,4,2012,Transit
2052,2052,13,2020,Radial Velocity
2053,2053,4,2016,Transit
2054,2054,4,2021,Transit
2055,2055,4,2016,Transit
2056,2056,11,2009,Radial Velocity
2057,2057,4,2016,Transit
2058,2058,4,2013,Transit
2059,2059,13,2026,Radial Velocity
2060,2060,32,2024,Microlensing
2061,2061,26,2023,Microlensing
2062,2062,4,2016,Transit
2063,2063,23,2022,Microlensing
2064,2064,8,2019,Microlensing
2065,2065,23,2025,Microlensing
2066,2066,23,2024,Microlensing
2067,2067,23,2022,Microlensing
2068,2068,8,2026,Microlensing
2069,2069,4,2016,Transit
2070,2070,8,2008,Transit
2071,2071,14,2025,Transit
2072,2072,4,2016,Transit
2073,2073,3,2015,Transit
2074,2074,4,2014,Transit
2075,2075,4,2014,Transit
2076,2076,14,2026,Transit
2077,2077,4,2016,Transit
2078,2078,4,2024,Transit
2079,2079,3,2018,Transit
2080,2080,4,2013,Transit
2081,2081,11,2018,Radial Velocity
2082,2082,4,2023,Transit
2083,2083,13,2020,Radial Velocity
2084,2084,4,2015,Transit
2085,2085,74,2022,Radial Velocity
2086,2086,11,2008,Radial Velocity
2087,2087,4,2016,Transit
2088,2088,14,2026,Transit
2089,2089,14,2022,Transit
2090,2090,11,2016,Radial Velocity
2091,2091,7,2021,Radial Velocity
2092,2092,13,2022,Radial Velocity
2093,2093,4,2014,Transit
2094,2094,4,2021,Transit
2095,2095,14,2022,Transit
2096,2096,4,2016,Transit
2097,2097,7,2019,Radial Velocity
2098,2098,3,2019,Transit
2099,2099,4,2014,Transit
2100,2100,7,2008,Radial Velocity
2101,2101,4,2021,Transit
2102,2102,4,2016,Transit
2103,2103,20,2021,Radial Velocity
2104,2104,14,2020,Transit
2105,2105,4,2016,Transit
2106,2106,11,1999,Radial Velocity
2107,2107,4,2016,Transit
2108,2108,4,2016,Transit
2109,2109,34,2021,Radial Velocity
2110,2110,4,2014,Transit
2111,2111,11,2008,Radial Velocity
2112,2112,4,2016,Transit
2113,2113,4,2014,Transit
2114,2114,75,2019,Eclipse Timing Variations
2115,2115,4,2014,Transit
2116,2116,4,2016,Transit
2117,2117,4,2016,Transit
2118,2118,4,2014,Transit
2119,2119,14,2023,Transit
2120,2120,4,2016,Transit
2121,2121,4,2025,Transit
2122,2122,4,2014,Transit
2123,2123,4,2016,Transit
2124,2124,4,2016,Transit
2125,2125,3,2018,Transit
2126,2126,4,2021,Transit
2127,2127,4,2016,Transit
2128,2128,11,2012,Radial Velocity
2129,2129,14,2026,Transit
2130,2130,41,2016,Radial Velocity
2131,2131,27,2018,Radial Velocity
2132,2132,4,2016,Transit
2133,2133,76,2010,Imaging
2134,2134,77,2010,Imaging
2135,2135,11,1998,Radial Velocity
2136,2136,8,2004,Transit
2137,2137,8,2002,Transit
2138,2138,5,2017,Transit
2139,2139,20,2011,Radial Velocity
2140,2140,4,2011,Transit
2141,2141,4,2011,Transit
2142,2142,5,2010,Transit
2143,2143,4,2011,Transit
2144,2144,11,2001,Radial Velocity
2145,2145,9,2003,Radial Velocity
2146,2146,21,1996,Radial Velocity
2147,2147,4,2011,Transit
2148,2148,4,2011,Transit
2149,2149,4,2011,Transit
2150,2150,4,2012,Transit
2151,2151,13,2009,Radial Velocity
2152,2152,13,2009,Radial Velocity
2153,2153,21,2009,Radial Velocity
2154,2154,21,2001,Radial Velocity
2155,2155,7,2009,Radial Velocity
2156,2156,17,2011,Transit
2157,2157,4,2011,Transit
2158,2158,27,2012,Transit
2159,2159,7,2008,Radial Velocity
2160,2160,12,2007,Radial Velocity
2161,2161,17,2009,Transit
2162,2162,65,2008,Imaging
2163,2163,2,2011,Transit
2164,2164,4,2011,Transit
2165,2165,4,2012,Transit
2166,2166,4,2012,Transit
2167,2167,41,2009,Radial Velocity
2168,2168,39,2008,Imaging
2169,2169,11,2009,Radial Velocity
2170,2170,78,2006,Transit
2171,2171,4,2011,Transit
2172,2172,4,2011,Transit
2173,2173,4,2011,Transit
2174,2174,17,2011,Transit
2175,2175,41,2009,Radial Velocity
2176,2176,41,2009,Radial Velocity
2177,2177,73,2009,Radial Velocity
2178,2178,7,2009,Radial Velocity
2179,2179,4,2011,Transit
2180,2180,4,2011,Transit
2181,2181,41,2012,Radial Velocity
2182,2182,43,2012,Transit
2183,2183,17,2009,Transit
2184,2184,13,2009,Radial Velocity
2185,2185,9,2009,Radial Velocity
2186,2186,4,2011,Transit
2187,2187,4,2011,Transit
2188,2188,4,2011,Transit
2189,2189,11,2004,Radial Velocity
2190,2190,9,2009,Radial Velocity
2191,2191,39,2011,Imaging
2192,2192,41,2011,Radial Velocity
2193,2193,9,2003,Radial Velocity
2194,2194,18,2009,Radial Velocity
2195,2195,5,2008,Transit
2196,2196,8,2004,Transit
2197,2197,7,2010,Radial Velocity
2198,2198,26,2011,Microlensing
2199,2199,7,2012,Radial Velocity
2200,2200,7,2011,Radial Velocity
2201,2201,2,2010,Transit
2202,2202,2,2010,Transit
2203,2203,17,2011,Transit
2204,2204,79,2011,Radial Velocity
2205,2205,4,2011,Transit
2206,2206,68,2011,Eclipse Timing Variations
2207,2207,4,2014,Transit
2208,2208,4,2013,Transit
2209,2209,7,2010,Radial Velocity
2210,2210,4,2011,Transit
2211,2211,17,2011,Transit
2212,2212,4,2011,Transit
2213,2213,4,2011,Orbital Brightness Modulation
2214,2214,80,2011,Pulsar Timing
2215,2215,17,2010,Transit
2216,2216,11,2005,Radial Velocity
2217,2217,2,2007,Transit
2218,2218,8,2004,Transit
2219,2219,8,2004,Transit
2220,2220,7,2011,Radial Velocity
2221,2221,8,2016,Microlensing
2222,2222,8,2017,Microlensing
2223,2223,4,2013,Transit
2224,2224,23,2023,Microlensing
2225,2225,23,2024,Microlensing
2226,2226,9,2004,Radial Velocity
2227,2227,8,2021,Microlensing
2228,2228,4,2016,Transit
2229,2229,23,2022,Microlensing
2230,2230,23,2023,Microlensing
2231,2231,4,2014,Transit
2232,2232,4,2023,Transit
2233,2233,54,2025,Transit
2234,2234,23,2022,Microlensing
2235,2235,13,2006,Radial Velocity
2236,2236,4,2012,Transit
2237,2237,81,2012,Eclipse Timing Variations
2238,2238,5,2013,Transit
2239,2239,4,2012,Transit
2240,2240,4,2012,Transit
2241,2241,5,2013,Radial Velocity
2242,2242,13,2013,Imaging
2243,2243,5,2007,Transit
2244,2244,4,2012,Transit
2245,2245,41,2013,Radial Velocity
2246,2246,4,2013,Transit
2247,2247,5,2013,Transit
2248,2248,4,2013,Transit
2249,2249,7,2009,Radial Velocity
2250,2250,82,2012,Transit
2251,2251,7,2009,Radial Velocity
2252,2252,17,2013,Transit
2253,2253,31,2013,Radial Velocity
2254,2254,31,2013,Radial Velocity
2255,2255,2,2012,Transit
2256,2256,4,2012,Transit
2257,2257,7,2009,Radial Velocity
2258,2258,7,2013,Radial Velocity
2259,2259,4,2014,Transit
2260,2260,4,2014,Transit
2261,2261,7,2013,Radial Velocity
2262,2262,7,2013,Radial Velocity
2263,2263,4,2012,Transit
2264,2264,45,2012,Radial Velocity
2265,2265,7,2013,Radial Velocity
2266,2266,4,2014,Transit
2267,2267,83,2014,Imaging
2268,2268,13,2013,Radial Velocity
2269,2269,4,2010,Transit
2270,2270,4,2013,Transit
2271,2271,17,2008,Transit
2272,2272,2,2014,Transit
2273,2273,2,2014,Transit
2274,2274,4,2010,Transit
2275,2275,19,2013,Imaging
2276,2276,7,2013,Radial Velocity
2277,2277,7,2013,Radial Velocity
2278,2278,11,2014,Radial Velocity
2279,2279,27,2014,Transit
2280,2280,4,2010,Transit
2281,2281,4,2013,Transit
2282,2282,4,2013,Transit
2283,2283,7,2013,Radial Velocity
2284,2284,7,2013,Radial Velocity
2285,2285,45,2014,Radial Velocity
2286,2286,45,2014,Radial Velocity
2287,2287,4,2010,Transit
2288,2288,8,2013,Microlensing
2289,2289,9,2012,Radial Velocity
2290,2290,5,2012,Transit
2291,2291,4,2013,Transit
2292,2292,7,2013,Radial Velocity
2293,2293,2,2012,Transit
2294,2294,8,2012,Microlensing
2295,2295,4,2012,Transit
2296,2296,4,2014,Transit
2297,2297,4,2014,Transit
2298,2298,24,2016,Transit
2299,2299,4,2016,Transit
2300,2300,7,2013,Radial Velocity
2301,2301,11,2012,Radial Velocity
2302,2302,2,2012,Transit
2303,2303,12,2012,Radial Velocity
2304,2304,11,2011,Radial Velocity
2305,2305,4,2014,Transit
2306,2306,4,2014,Transit
2307,2307,17,2008,Transit
2308,2308,14,2022,Transit
2309,2309,84,2019,Transit Timing Variations
2310,2310,14,2024,Transit
2311,2311,65,2006,Imaging
2312,2312,4,2014,Transit
2313,2313,4,2014,Transit
2314,2314,85,2009,Eclipse Timing Variations
2315,2315,4,2012,Transit
2316,2316,4,2012,Transit
2317,2317,4,2014,Transit
2318,2318,17,2014,Transit
2319,2319,13,2014,Radial Velocity
2320,2320,13,2014,Radial Velocity
2321,2321,39,2013,Imaging
2322,2322,4,2013,Transit
2323,2323,4,2012,Transit
2324,2324,4,2012,Transit
2325,2325,4,2012,Transit
2326,2326,4,2012,Transit
2327,2327,4,2012,Transit
2328,2328,4,2012,Transit
2329,2329,9,2003,Radial Velocity
2330,2330,1,2014,Radial Velocity
2331,2331,4,2013,Transit
2332,2332,4,2013,Transit
2333,2333,4,2012,Transit
2334,2334,86,2013,Transit
2335,2335,4,2012,Transit
2336,2336,4,2012,Transit
2337,2337,9,2003,Radial Velocity
2338,2338,4,2014,Transit
2339,2339,4,2013,Transit
2340,2340,2,2011,Transit
2341,2341,29,2017,Transit
2342,2342,82,2014,Transit
2343,2343,11,2014,Radial Velocity
2344,2344,4,2014,Transit
2345,2345,4,2014,Transit
2346,2346,4,2014,Transit
2347,2347,4,2014,Transit
2348,2348,4,2013,Transit
2349,2349,4,2013,Transit
2350,2350,4,2014,Transit
2351,2351,4,2014,Transit
2352,2352,4,2014,Transit
2353,2353,4,2014,Transit
2354,2354,4,2014,Transit
2355,2355,4,2014,Transit
2356,2356,14,2024,Transit
2357,2357,4,2014,Transit
2358,2358,4,2014,Transit
2359,2359,4,2014,Transit
2360,2360,4,2014,Transit
2361,2361,13,2026,Radial Velocity
2362,2362,9,2026,Radial Velocity
2363,2363,4,2014,Transit
2364,2364,4,2014,Transit
2365,2365,4,2014,Transit
2366,2366,4,2014,Transit
2367,2367,4,2014,Transit
2368,2368,4,2014,Transit
2369,2369,4,2014,Transit
2370,2370,4,2014,Transit
2371,2371,4,2014,Transit
2372,2372,14,2024,Transit
2373,2373,4,2014,Transit
2374,2374,4,2014,Transit
2375,2375,4,2014,Transit
2376,2376,4,2014,Transit
2377,2377,4,2014,Transit
2378,2378,4,2014,Transit
2379,2379,4,2014,Transit
2380,2380,4,2014,Transit
2381,2381,4,2014,Transit
2382,2382,4,2014,Transit
2383,2383,4,2014,Transit
2384,2384,4,2014,Transit
2385,2385,4,2014,Transit
2386,2386,4,2014,Transit
2387,2387,4,2014,Transit
2388,2388,4,2014,Transit
2389,2389,4,2014,Transit
2390,2390,4,2014,Transit
2391,2391,4,2014,Transit
2392,2392,4,2014,Transit
2393,2393,4,2014,Transit
2394,2394,4,2014,Transit
2395,2395,4,2014,Transit
2396,2396,4,2014,Transit
2397,2397,4,2014,Transit
2398,2398,4,2014,Transit
2399,2399,4,2014,Transit
2400,2400,4,2014,Transit
2401,2401,4,2014,Transit
2402,2402,4,2014,Transit
2403,2403,4,2014,Transit
2404,2404,4,2014,Transit
2405,2405,4,2014,Transit
2406,2406,14,2026,Transit
2407,2407,4,2014,Transit
2408,2408,20,2013,Radial Velocity
2409,2409,20,2013,Radial Velocity
2410,2410,4,2014,Transit
2411,2411,4,2014,Transit
2412,2412,4,2014,Transit
2413,2413,4,2014,Transit
2414,2414,1,2005,Radial Velocity
2415,2415,87,2013,Imaging
2416,2416,4,2014,Transit
2417,2417,4,2014,Transit
2418,2418,4,2014,Transit
2419,2419,4,2014,Transit
2420,2420,4,2014,Transit
2421,2421,4,2014,Transit
2422,2422,4,2014,Transit
2423,2423,4,2014,Transit
2424,2424,4,2014,Transit
2425,2425,4,2014,Transit
2426,2426,4,2014,Transit
2427,2427,4,2014,Transit
2428,2428,4,2013,Transit
2429,2429,4,2013,Transit
2430,2430,4,2014,Transit
2431,2431,4,2014,Transit
2432,2432,4,2014,Transit
2433,2433,4,2014,Transit
2434,2434,14,2024,Transit
2435,2435,13,2022,Transit Timing Variations
2436,2436,4,2014,Transit
2437,2437,4,2014,Transit
2438,2438,4,2014,Transit
2439,2439,4,2014,Transit
2440,2440,4,2014,Transit
2441,2441,4,2014,Transit
2442,2442,4,2013,Transit
2443,2443,4,2013,Transit
2444,2444,4,2014,Transit
2445,2445,4,2014,Transit
2446,2446,4,2014,Transit
2447,2447,4,2014,Transit
2448,2448,4,2014,Transit
2449,2449,4,2014,Transit
2450,2450,4,2014,Transit
2451,2451,4,2014,Transit
2452,2452,4,2014,Transit
2453,2453,4,2014,Transit
2454,2454,4,2014,Transit
2455,2455,4,2014,Transit
2456,2456,4,2014,Transit
2457,2457,4,2014,Transit
2458,2458,4,2014,Transit
2459,2459,4,2014,Transit
2460,2460,4,2014,Transit
2461,2461,4,2014,Transit
2462,2462,4,2014,Transit
2463,2463,4,2014,Transit
2464,2464,4,2014,Transit
2465,2465,4,2014,Transit
2466,2466,4,2014,Transit
2467,2467,4,2014,Transit
2468,2468,4,2014,Transit
2469,2469,4,2014,Transit
2470,2470,4,2014,Transit
2471,2471,4,2014,Transit
2472,2472,4,2014,Transit
2473,2473,4,2014,Transit
2474,2474,4,2014,Transit
2475,2475,4,2014,Transit
2476,2476,4,2014,Transit
2477,2477,4,2014,Transit
2478,2478,4,2014,Transit
2479,2479,4,2014,Transit
2480,2480,4,2014,Transit
2481,2481,4,2014,Transit
2482,2482,4,2014,Transit
2483,2483,4,2014,Transit
2484,2484,4,2014,Transit
2485,2485,4,2014,Transit
2486,2486,4,2014,Transit
2487,2487,4,2014,Transit
2488,2488,4,2014,Transit
2489,2489,4,2014,Transit
2490,2490,4,2014,Transit
2491,2491,4,2014,Transit
2492,2492,4,2014,Transit
2493,2493,4,2014,Transit
2494,2494,4,2014,Transit
2495,2495,4,2014,Transit
2496,2496,4,2014,Transit
2497,2497,4,2014,Transit
2498,2498,4,2014,Transit
2499,2499,4,2014,Transit
2500,2500,4,2014,Transit
2501,2501,4,2014,Transit
2502,2502,4,2014,Transit
2503,2503,4,2014,Transit
2504,2504,4,2014,Transit
2505,2505,4,2014,Transit
2506,2506,4,2014,Transit
2507,2507,4,2014,Transit
2508,2508,4,2014,Transit
2509,2509,4,2014,Transit
2510,2510,4,2014,Transit
2511,2511,4,2014,Transit
2512,2512,14,2026,Transit
2513,2513,4,2014,Transit
2514,2514,4,2014,Transit
2515,2515,4,2014,Transit
2516,2516,4,2014,Transit
2517,2517,3,2016,Transit
2518,2518,4,2014,Transit
2519,2519,4,2014,Transit
2520,2520,4,2014,Transit
2521,2521,4,2014,Transit
2522,2522,4,2014,Transit
2523,2523,4,2014,Transit
2524,2524,4,2014,Transit
2525,2525,4,2014,Transit
2526,2526,4,2014,Transit
2527,2527,4,2014,Transit
2528,2528,4,2014,Transit
2529,2529,4,2014,Transit
2530,2530,4,2014,Transit
2531,2531,4,2014,Transit
2532,2532,4,2014,Transit
2533,2533,4,2014,Transit
2534,2534,4,2014,Transit
2535,2535,4,2014,Transit
2536,2536,4,2014,Transit
2537,2537,4,2014,Transit
2538,2538,4,2014,Transit
2539,2539,4,2014,Transit
2540,2540,4,2014,Transit
2541,2541,4,2014,Transit
2542,2542,4,2013,Transit
2543,2543,14,2023,Transit
2544,2544,4,2023,Transit
2545,2545,14,2024,Transit
2546,2546,4,2012,Transit Timing Variations
2547,2547,4,2014,Transit
2548,2548,4,2014,Transit
2549,2549,4,2014,Transit
2550,2550,4,2014,Transit
2551,2551,4,2014,Transit
2552,2552,4,2014,Transit
2553,2553,4,2014,Transit
2554,2554,4,2014,Transit
2555,2555,4,2014,Transit
2556,2556,4,2014,Transit
2557,2557,4,2014,Transit
2558,2558,4,2014,Transit
2559,2559,4,2014,Transit
2560,2560,4,2014,Transit
2561,2561,4,2014,Transit
2562,2562,4,2014,Transit
2563,2563,4,2014,Transit
2564,2564,4,2014,Transit
2565,2565,4,2014,Transit
2566,2566,4,2014,Transit
2567,2567,4,2014,Transit
2568,2568,4,2014,Transit
2569,2569,4,2014,Transit
2570,2570,4,2014,Transit
2571,2571,4,2014,Transit
2572,2572,4,2014,Transit
2573,2573,4,2014,Transit
2574,2574,4,2014,Transit
2575,2575,4,2014,Transit
2576,2576,4,2014,Transit
2577,2577,4,2014,Transit
2578,2578,4,2014,Transit
2579,2579,4,2014,Transit
2580,2580,4,2014,Transit
2581,2581,4,2014,Transit
2582,2582,4,2014,Transit
2583,2583,4,2014,Transit
2584,2584,4,2014,Transit
2585,2585,4,2014,Transit
2586,2586,4,2014,Transit
2587,2587,4,2014,Transit
2588,2588,4,2014,Transit
2589,2589,4,2014,Transit
2590,2590,4,2014,Transit
2591,2591,4,2014,Transit
2592,2592,4,2014,Transit
2593,2593,4,2014,Transit
2594,2594,4,2014,Transit
2595,2595,4,2014,Transit
2596,2596,4,2014,Transit
2597,2597,4,2014,Transit
2598,2598,4,2014,Transit
2599,2599,4,2014,Transit
2600,2600,4,2014,Transit
2601,2601,4,2014,Transit
2602,2602,4,2014,Transit
2603,2603,4,2014,Transit
2604,2604,4,2014,Transit
2605,2605,4,2014,Transit
2606,2606,4,2014,Transit
2607,2607,4,2014,Transit
2608,2608,4,2014,Transit
2609,2609,4,2014,Transit
2610,2610,4,2014,Transit
2611,2611,4,2014,Transit
2612,2612,4,2014,Transit
2613,2613,4,2014,Transit
2614,2614,4,2014,Transit
2615,2615,4,2014,Transit
2616,2616,4,2014,Transit
2617,2617,4,2014,Transit
2618,2618,4,2014,Transit
2619,2619,4,2014,Transit
2620,2620,4,2014,Transit
2621,2621,4,2014,Transit
2622,2622,4,2014,Transit
2623,2623,4,2014,Transit
2624,2624,4,2014,Transit
2625,2625,4,2014,Transit
2626,2626,4,2014,Transit
2627,2627,4,2014,Transit
2628,2628,4,2014,Transit
2629,2629,4,2014,Transit
2630,2630,4,2014,Transit
2631,2631,4,2014,Transit
2632,2632,4,2014,Transit
2633,2633,4,2014,Transit
2634,2634,4,2014,Transit
2635,2635,4,2014,Transit
2636,2636,4,2014,Transit
2637,2637,4,2014,Transit
2638,2638,4,2014,Transit
2639,2639,4,2014,Transit
2640,2640,4,2014,Transit
2641,2641,4,2012,Transit
2642,2642,4,2014,Transit
2643,2643,4,2014,Transit
2644,2644,4,2014,Transit
2645,2645,4,2014,Transit
2646,2646,4,2014,Transit
2647,2647,4,2014,Transit
2648,2648,4,2014,Transit
2649,2649,4,2014,Transit
2650,2650,4,2014,Transit
2651,2651,4,2014,Transit
2652,2652,4,2014,Transit
2653,2653,4,2014,Transit
2654,2654,4,2014,Transit
2655,2655,4,2014,Transit
2656,2656,4,2014,Transit
2657,2657,4,2014,Transit
2658,2658,4,2014,Transit
2659,2659,14,2026,Transit
2660,2660,4,2014,Transit
2661,2661,4,2014,Transit
2662,2662,4,2014,Transit
2663,2663,4,2014,Transit
2664,2664,4,2014,Transit
2665,2665,4,2014,Transit
2666,2666,4,2014,Transit
2667,2667,4,2014,Transit
2668,2668,4,2014,Transit
2669,2669,4,2014,Transit
2670,2670,4,2014,Transit
2671,2671,4,2015,Transit
2672,2672,4,2014,Transit
2673,2673,4,2014,Transit
2674,2674,4,2014,Transit
2675,2675,4,2014,Transit
2676,2676,17,2014,Transit
2677,2677,4,2015,Transit
2678,2678,4,2014,Transit
2679,2679,4,2014,Transit
2680,2680,4,2014,Transit
2681,2681,4,2014,Transit
2682,2682,4,2015,Transit
2683,2683,4,2014,Transit
2684,2684,4,2014,Transit
2685,2685,4,2014,Transit
2686,2686,4,2014,Orbital Brightness Modulation
2687,2687,4,2014,Orbital Brightness Modulation
2688,2688,7,2010,Radial Velocity
2689,2689,7,2014,Radial Velocity
2690,2690,4,2014,Transit
2691,2691,4,2014,Transit
2692,2692,4,2014,Transit
2693,2693,41,2014,Radial Velocity
2694,2694,4,2014,Transit
2695,2695,4,2015,Transit
2696,2696,4,2015,Transit
2697,2697,4,2014,Transit
2698,2698,4,2014,Transit
2699,2699,4,2014,Transit
2700,2700,4,2014,Transit
2701,2701,4,2014,Transit
2702,2702,4,2014,Transit
2703,2703,4,2014,Transit
2704,2704,7,2014,Radial Velocity
2705,2705,4,2015,Transit
2706,2706,4,2014,Transit
2707,2707,4,2014,Transit
2708,2708,11,2014,Radial Velocity
2709,2709,11,2014,Radial Velocity
2710,2710,4,2014,Transit
2711,2711,4,2014,Transit
2712,2712,4,2014,Transit
2713,2713,11,2014,Radial Velocity
2714,2714,4,2014,Transit
2715,2715,13,2014,Radial Velocity
2716,2716,13,2014,Radial Velocity
2717,2717,4,2015,Transit
2718,2718,4,2015,Transit
2719,2719,4,2014,Transit
2720,2720,4,2014,Transit
2721,2721,8,2005,Microlensing
2722,2722,8,2014,Microlensing
2723,2723,4,2014,Transit
2724,2724,4,2014,Transit
2725,2725,4,2014,Transit
2726,2726,4,2014,Transit
2727,2727,4,2014,Transit
2728,2728,29,2011,Transit
2729,2729,4,2014,Transit
2730,2730,4,2014,Transit
2731,2731,4,2014,Transit
2732,2732,4,2014,Transit
2733,2733,4,2014,Transit
2734,2734,4,2014,Transit
2735,2735,4,2014,Transit
2736,2736,4,2015,Transit
2737,2737,4,2014,Transit
2738,2738,4,2014,Transit
2739,2739,4,2014,Transit
2740,2740,4,2014,Transit
2741,2741,4,2014,Transit
2742,2742,4,2014,Transit
2743,2743,4,2014,Transit
2744,2744,4,2014,Transit
2745,2745,7,2010,Radial Velocity
2746,2746,4,2012,Transit
2747,2747,4,2014,Transit
2748,2748,4,2014,Transit
2749,2749,4,2014,Transit
2750,2750,4,2012,Transit
2751,2751,7,2010,Radial Velocity
2752,2752,7,2010,Radial Velocity
2753,2753,4,2014,Transit
2754,2754,4,2014,Transit
2755,2755,4,2014,Transit
2756,2756,4,2014,Transit
2757,2757,26,2013,Microlensing
2758,2758,17,2014,Transit
2759,2759,7,2010,Radial Velocity
2760,2760,4,2015,Transit
2761,2761,4,2014,Transit
2762,2762,4,2014,Transit
2763,2763,4,2014,Transit
2764,2764,8,2014,Microlensing
2765,2765,17,2014,Transit
2766,2766,4,2014,Transit
2767,2767,4,2014,Transit
2768,2768,4,2014,Transit
2769,2769,4,2014,Transit
2770,2770,4,2014,Transit
2771,2771,20,2016,Radial Velocity
2772,2772,4,2016,Transit
2773,2773,13,2015,Radial Velocity
2774,2774,4,2009,Transit
2775,2775,20,2016,Radial Velocity
2776,2776,20,2016,Radial Velocity
2777,2777,4,2016,Transit
2778,2778,17,2015,Transit
2779,2779,21,1996,Radial Velocity
2780,2780,4,2014,Transit
2781,2781,13,2014,Radial Velocity
2782,2782,13,2014,Radial Velocity
2783,2783,4,2016,Transit
2784,2784,4,2016,Transit
2785,2785,2,2015,Transit
2786,2786,6,2011,Transit
2787,2787,4,2011,Transit
2788,2788,5,2012,Transit
2789,2789,4,2016,Transit
2790,2790,4,2016,Transit
2791,2791,19,2014,Imaging
2792,2792,88,2015,Radial Velocity
2793,2793,4,2013,Orbital Brightness Modulation
2794,2794,8,2004,Microlensing
2795,2795,4,2016,Transit
2796,2796,4,2015,Transit
2797,2797,4,2009,Transit
2798,2798,4,2009,Transit
2799,2799,13,2016,Radial Velocity
2800,2800,3,2016,Transit
2801,2801,4,2016,Transit
2802,2802,4,2016,Transit
2803,2803,4,2016,Transit
2804,2804,89,2015,Imaging
2805,2805,11,2015,Radial Velocity
2806,2806,9,2015,Radial Velocity
2807,2807,37,2015,Transit
2808,2808,90,2016,Radial Velocity
2809,2809,27,2016,Transit
2810,2810,4,2016,Transit
2811,2811,4,2016,Transit
2812,2812,4,2015,Transit
2813,2813,90,2016,Radial Velocity
2814,2814,5,2016,Transit
2815,2815,4,2016,Transit
2816,2816,4,2016,Transit
2817,2817,4,2015,Transit
2818,2818,4,2015,Transit
2819,2819,7,2015,Radial Velocity
2820,2820,7,2015,Radial Velocity
2821,2821,5,2016,Transit
2822,2822,11,2005,Radial Velocity
2823,2823,13,2015,Radial Velocity
2824,2824,4,2015,Transit
2825,2825,8,2006,Microlensing
2826,2826,5,2011,Transit
2827,2827,7,2008,Radial Velocity
2828,2828,7,2008,Radial Velocity
2829,2829,8,2014,Microlensing
2830,2830,4,2011,Transit
2831,2831,13,2015,Radial Velocity
2832,2832,27,2015,Transit
2833,2833,91,2015,Imaging
2834,2834,91,2015,Imaging
2835,2835,29,2010,Transit
2836,2836,2,2016,Transit
2837,2837,4,2013,Transit
2838,2838,4,2015,Transit
2839,2839,5,2015,Transit
2840,2840,4,2015,Transit
2841,2841,4,2015,Transit
2842,2842,8,2016,Microlensing
2843,2843,13,2016,Radial Velocity
2844,2844,4,2015,Transit
2845,2845,3,2015,Transit
2846,2846,13,2016,Radial Velocity
2847,2847,8,2016,Microlensing
2848,2848,4,2015,Transit
2849,2849,3,2015,Transit
2850,2850,3,2015,Transit
2851,2851,3,2015,Transit
2852,2852,3,2015,Transit
2853,2853,5,2011,Transit
2854,2854,4,2011,Transit
2855,2855,27,2015,Transit
2856,2856,27,2015,Transit
2857,2857,5,2016,Transit
2858,2858,28,2016,Radial Velocity
2859,2859,4,2011,Transit
2860,2860,4,2015,Transit
2861,2861,8,2015,Microlensing
2862,2862,9,1999,Radial Velocity
2863,2863,8,2015,Microlensing
2864,2864,4,2014,Transit
2865,2865,28,2016,Radial Velocity
2866,2866,28,2016,Radial Velocity
2867,2867,4,2012,Transit
2868,2868,13,2015,Radial Velocity
2869,2869,13,2015,Radial Velocity
2870,2870,4,2014,Transit
2871,2871,4,2016,Transit
2872,2872,4,2016,Transit
2873,2873,4,2016,Transit
2874,2874,4,2016,Transit
2875,2875,4,2016,Transit
2876,2876,4,2016,Transit
2877,2877,4,2016,Transit
2878,2878,4,2016,Transit
2879,2879,4,2016,Transit
2880,2880,4,2016,Transit
2881,2881,4,2016,Transit
2882,2882,4,2016,Transit
2883,2883,4,2016,Transit
2884,2884,4,2016,Transit
2885,2885,4,2016,Transit
2886,2886,4,2016,Transit
2887,2887,4,2016,Transit
2888,2888,4,2016,Transit
2889,2889,4,2016,Transit
2890,2890,4,2016,Transit
2891,2891,4,2016,Transit
2892,2892,4,2016,Transit
2893,2893,4,2016,Transit
2894,2894,4,2016,Transit
2895,2895,4,2016,Transit
2896,2896,4,2016,Transit
2897,2897,4,2016,Transit
2898,2898,4,2016,Transit
2899,2899,4,2016,Transit
2900,2900,4,2016,Transit
2901,2901,4,2016,Transit
2902,2902,4,2016,Transit
2903,2903,4,2016,Transit
2904,2904,4,2016,Transit
2905,2905,4,2016,Transit
2906,2906,4,2016,Transit
2907,2907,4,2016,Transit
2908,2908,4,2016,Transit
2909,2909,4,2016,Transit
2910,2910,4,2016,Transit
2911,2911,4,2016,Transit
2912,2912,4,2016,Transit
2913,2913,4,2016,Transit
2914,2914,4,2016,Transit
2915,2915,4,2016,Transit
2916,2916,4,2016,Transit
2917,2917,4,2016,Transit
2918,2918,4,2016,Transit
2919,2919,4,2016,Transit
2920,2920,4,2016,Transit
2921,2921,4,2016,Transit
2922,2922,4,2016,Transit
2923,2923,4,2016,Transit
2924,2924,4,2016,Transit
2925,2925,4,2016,Transit
2926,2926,4,2016,Transit
2927,2927,4,2016,Transit
2928,2928,4,2016,Transit
2929,2929,4,2016,Transit
2930,2930,4,2016,Transit
2931,2931,4,2016,Transit
2932,2932,4,2016,Transit
2933,2933,4,2016,Transit
2934,2934,4,2016,Transit
2935,2935,4,2016,Transit
2936,2936,4,2016,Transit
2937,2937,4,2016,Transit
2938,2938,4,2016,Transit
2939,2939,4,2016,Transit
2940,2940,4,2016,Transit
2941,2941,4,2016,Transit
2942,2942,4,2016,Transit
2943,2943,4,2016,Transit
2944,2944,4,2016,Transit
2945,2945,4,2016,Transit
2946,2946,4,2016,Transit
2947,2947,4,2016,Transit
2948,2948,4,2016,Transit
2949,2949,4,2016,Transit
2950,2950,4,2016,Transit
2951,2951,4,2016,Transit
2952,2952,4,2016,Transit
2953,2953,4,2016,Transit
2954,2954,4,2016,Transit
2955,2955,4,2016,Transit
2956,2956,4,2016,Transit
2957,2957,4,2016,Transit
2958,2958,4,2016,Transit
2959,2959,4,2016,Transit
2960,2960,4,2016,Transit
2961,2961,4,2016,Transit
2962,2962,4,2016,Transit
2963,2963,4,2016,Transit
2964,2964,4,2016,Transit
2965,2965,4,2016,Transit
2966,2966,4,2016,Transit
2967,2967,4,2016,Transit
2968,2968,4,2016,Transit
2969,2969,4,2016,Transit
2970,2970,4,2016,Transit
2971,2971,4,2016,Transit
2972,2972,4,2016,Transit
2973,2973,4,2016,Transit
2974,2974,4,2016,Transit
2975,2975,4,2016,Transit
2976,2976,4,2016,Transit
2977,2977,4,2016,Transit
2978,2978,4,2016,Transit
2979,2979,4,2016,Transit
2980,2980,4,2016,Transit
2981,2981,4,2016,Transit
2982,2982,4,2016,Transit
2983,2983,4,2016,Transit
2984,2984,4,2016,Transit
2985,2985,4,2016,Transit
2986,2986,4,2016,Transit
2987,2987,4,2016,Transit
2988,2988,4,2016,Transit
2989,2989,4,2016,Transit
2990,2990,4,2016,Transit
2991,2991,4,2016,Transit
2992,2992,4,2016,Transit
2993,2993,4,2016,Transit
2994,2994,4,2016,Transit
2995,2995,4,2016,Transit
2996,2996,4,2016,Transit
2997,2997,4,2016,Transit
2998,2998,4,2016,Transit
2999,2999,4,2016,Transit
3000,3000,4,2016,Transit
3001,3001,4,2016,Transit
3002,3002,4,2016,Transit
3003,3003,4,2016,Transit
3004,3004,4,2016,Transit
3005,3005,4,2016,Transit
3006,3006,4,2016,Transit
3007,3007,4,2016,Transit
3008,3008,4,2016,Transit
3009,3009,4,2016,Transit
3010,3010,4,2016,Transit
3011,3011,4,2016,Transit
3012,3012,4,2016,Transit
3013,3013,4,2016,Transit
3014,3014,4,2016,Transit
3015,3015,4,2016,Transit
3016,3016,4,2016,Transit
3017,3017,4,2016,Transit
3018,3018,4,2016,Transit
3019,3019,4,2016,Transit
3020,3020,4,2016,Transit
3021,3021,4,2016,Transit
3022,3022,4,2016,Transit
3023,3023,4,2016,Transit
3024,3024,4,2016,Transit
3025,3025,4,2016,Transit
3026,3026,4,2016,Transit
3027,3027,4,2016,Transit
3028,3028,4,2016,Transit
3029,3029,4,2016,Transit
3030,3030,4,2016,Transit
3031,3031,4,2016,Transit
3032,3032,4,2016,Transit
3033,3033,4,2016,Transit
3034,3034,4,2016,Transit
3035,3035,4,2016,Transit
3036,3036,4,2016,Transit
3037,3037,4,2016,Transit
3038,3038,4,2016,Transit
3039,3039,4,2016,Transit
3040,3040,4,2016,Transit
3041,3041,4,2016,Transit
3042,3042,4,2016,Transit
3043,3043,4,2016,Transit
3044,3044,4,2016,Transit
3045,3045,4,2016,Transit
3046,3046,4,2016,Transit
3047,3047,4,2016,Transit
3048,3048,4,2016,Transit
3049,3049,4,2016,Transit
3050,3050,4,2016,Transit
3051,3051,4,2016,Transit
3052,3052,4,2016,Transit
3053,3053,4,2016,Transit
3054,3054,4,2016,Transit
3055,3055,4,2016,Transit
3056,3056,4,2016,Transit
3057,3057,4,2016,Transit
3058,3058,14,2026,Transit
3059,3059,4,2016,Transit
3060,3060,4,2016,Transit
3061,3061,4,2016,Transit
3062,3062,4,2016,Transit
3063,3063,4,2016,Transit
3064,3064,4,2016,Transit
3065,3065,4,2016,Transit
3066,3066,4,2016,Transit
3067,3067,4,2016,Transit
3068,3068,61,2026,Radial Velocity
3069,3069,4,2016,Transit
3070,3070,4,2016,Transit
3071,3071,4,2016,Transit
3072,3072,4,2016,Transit
3073,3073,4,2016,Transit
3074,3074,4,2016,Transit
3075,3075,4,2016,Transit
3076,3076,4,2016,Transit
3077,3077,4,2016,Transit
3078,3078,4,2016,Transit
3079,3079,4,2016,Transit
3080,3080,4,2016,Transit
3081,3081,4,2016,Transit
3082,3082,4,2016,Transit
3083,3083,4,2016,Transit
3084,3084,4,2016,Transit
3085,3085,4,2016,Transit
3086,3086,4,2016,Transit
3087,3087,4,2016,Transit
3088,3088,4,2016,Transit
3089,3089,4,2016,Transit
3090,3090,4,2016,Transit
3091,3091,4,2016,Transit
3092,3092,4,2016,Transit
3093,3093,4,2016,Transit
3094,3094,4,2016,Transit
3095,3095,4,2016,Transit
3096,3096,4,2016,Transit
3097,3097,4,2016,Transit
3098,3098,4,2016,Transit
3099,3099,4,2016,Transit
3100,3100,4,2016,Transit
3101,3101,4,2016,Transit
3102,3102,4,2016,Transit
3103,3103,4,2016,Transit
3104,3104,4,2016,Transit
3105,3105,4,2016,Transit
3106,3106,4,2016,Transit
3107,3107,4,2016,Transit
3108,3108,4,2016,Transit
3109,3109,4,2016,Transit
3110,3110,4,2016,Transit
3111,3111,4,2016,Transit
3112,3112,4,2016,Transit
3113,3113,4,2016,Transit
3114,3114,4,2016,Transit
3115,3115,4,2016,Transit
3116,3116,4,2016,Transit
3117,3117,4,2016,Transit
3118,3118,4,2016,Transit
3119,3119,4,2016,Transit
3120,3120,4,2016,Transit
3121,3121,4,2016,Transit
3122,3122,4,2016,Transit
3123,3123,4,2016,Transit
3124,3124,4,2016,Transit
3125,3125,4,2016,Transit
3126,3126,4,2016,Transit
3127,3127,4,2016,Transit
3128,3128,4,2016,Transit
3129,3129,4,2016,Transit
3130,3130,4,2016,Transit
3131,3131,4,2016,Transit
3132,3132,4,2016,Transit
3133,3133,4,2016,Transit
3134,3134,4,2016,Transit
3135,3135,4,2016,Transit
3136,3136,4,2016,Transit
3137,3137,4,2016,Transit
3138,3138,4,2016,Transit
3139,3139,4,2016,Transit
3140,3140,4,2016,Transit
3141,3141,4,2016,Transit
3142,3142,4,2016,Transit
3143,3143,4,2016,Transit
3144,3144,4,2016,Transit
3145,3145,4,2016,Transit
3146,3146,4,2016,Transit
3147,3147,4,2016,Transit
3148,3148,4,2016,Transit
3149,3149,4,2016,Transit
3150,3150,4,2016,Transit
3151,3151,4,2016,Transit
3152,3152,4,2016,Transit
3153,3153,4,2016,Transit
3154,3154,4,2016,Transit
3155,3155,4,2016,Transit
3156,3156,4,2016,Transit
3157,3157,4,2016,Transit
3158,3158,4,2016,Transit
3159,3159,4,2016,Transit
3160,3160,4,2016,Transit
3161,3161,4,2016,Transit
3162,3162,4,2016,Transit
3163,3163,4,2016,Transit
3164,3164,4,2016,Transit
3165,3165,4,2016,Transit
3166,3166,4,2016,Transit
3167,3167,4,2016,Transit
3168,3168,4,2016,Transit
3169,3169,4,2016,Transit
3170,3170,4,2016,Transit
3171,3171,4,2016,Transit
3172,3172,4,2016,Transit
3173,3173,4,2016,Transit
3174,3174,4,2016,Transit
3175,3175,4,2016,Transit
3176,3176,4,2016,Transit
3177,3177,4,2016,Transit
3178,3178,4,2016,Transit
3179,3179,4,2016,Transit
3180,3180,4,2016,Transit
3181,3181,4,2016,Transit
3182,3182,4,2016,Transit
3183,3183,4,2016,Transit
3184,3184,4,2016,Transit
3185,3185,4,2016,Transit
3186,3186,4,2016,Transit
3187,3187,4,2016,Transit
3188,3188,4,2016,Transit
3189,3189,4,2016,Transit
3190,3190,4,2016,Transit
3191,3191,4,2016,Transit
3192,3192,4,2016,Transit
3193,3193,4,2016,Transit
3194,3194,4,2016,Transit
3195,3195,4,2016,Transit
3196,3196,4,2016,Transit
3197,3197,4,2016,Transit
3198,3198,4,2016,Transit
3199,3199,4,2016,Transit
3200,3200,4,2016,Transit
3201,3201,4,2016,Transit
3202,3202,4,2016,Transit
3203,3203,4,2016,Transit
3204,3204,4,2016,Transit
3205,3205,4,2016,Transit
3206,3206,4,2016,Transit
3207,3207,4,2016,Transit
3208,3208,4,2016,Transit
3209,3209,4,2016,Transit
3210,3210,4,2016,Transit
3211,3211,4,2016,Transit
3212,3212,4,2016,Transit
3213,3213,4,2016,Transit
3214,3214,4,2016,Transit
3215,3215,4,2016,Transit
3216,3216,4,2016,Transit
3217,3217,4,2016,Transit
3218,3218,4,2016,Transit
3219,3219,4,2016,Transit
3220,3220,4,2016,Transit
3221,3221,4,2016,Transit
3222,3222,4,2016,Transit
3223,3223,4,2016,Transit
3224,3224,4,2016,Transit
3225,3225,4,2016,Transit
3226,3226,4,2016,Transit
3227,3227,4,2016,Transit
3228,3228,4,2016,Transit
3229,3229,4,2016,Transit
3230,3230,4,2016,Transit
3231,3231,4,2016,Transit
3232,3232,4,2016,Transit
3233,3233,4,2016,Transit
3234,3234,4,2016,Transit
3235,3235,4,2016,Transit
3236,3236,4,2016,Transit
3237,3237,4,2016,Transit
3238,3238,4,2016,Transit
3239,3239,4,2016,Transit
3240,3240,4,2016,Transit
3241,3241,4,2016,Transit
3242,3242,4,2016,Transit
3243,3243,4,2016,Transit
3244,3244,4,2016,Transit
3245,3245,4,2016,Transit
3246,3246,4,2016,Transit
3247,3247,4,2016,Transit
3248,3248,4,2016,Transit
3249,3249,4,2016,Transit
3250,3250,4,2016,Transit
3251,3251,4,2016,Transit
3252,3252,4,2016,Transit
3253,3253,4,2016,Transit
3254,3254,4,2016,Transit
3255,3255,4,2016,Transit
3256,3256,4,2016,Transit
3257,3257,4,2016,Transit
3258,3258,4,2016,Transit
3259,3259,4,2016,Transit
3260,3260,4,2016,Transit
3261,3261,4,2016,Transit
3262,3262,4,2016,Transit
3263,3263,4,2016,Transit
3264,3264,4,2016,Transit
3265,3265,4,2016,Transit
3266,3266,4,2016,Transit
3267,3267,4,2016,Transit
3268,3268,4,2016,Transit
3269,3269,4,2016,Transit
3270,3270,4,2016,Transit
3271,3271,4,2016,Transit
3272,3272,4,2016,Transit
3273,3273,4,2016,Transit
3274,3274,4,2016,Transit
3275,3275,4,2016,Transit
3276,3276,4,2016,Transit
3277,3277,4,2016,Transit
3278,3278,4,2016,Transit
3279,3279,4,2016,Transit
3280,3280,4,2016,Transit
3281,3281,4,2016,Transit
3282,3282,4,2016,Transit
3283,3283,4,2016,Transit
3284,3284,4,2016,Transit
3285,3285,4,2016,Transit
3286,3286,4,2016,Transit
3287,3287,4,2016,Transit
3288,3288,4,2016,Transit
3289,3289,4,2016,Transit
3290,3290,4,2016,Transit
3291,3291,4,2016,Transit
3292,3292,4,2016,Transit
3293,3293,4,2016,Transit
3294,3294,4,2016,Transit
3295,3295,4,2016,Transit
3296,3296,4,2016,Transit
3297,3297,4,2016,Transit
3298,3298,4,2016,Transit
3299,3299,4,2016,Transit
3300,3300,4,2016,Transit
3301,3301,4,2016,Transit
3302,3302,4,2016,Transit
3303,3303,4,2016,Transit
3304,3304,4,2016,Transit
3305,3305,4,2016,Transit
3306,3306,4,2016,Transit
3307,3307,4,2016,Transit
3308,3308,4,2016,Transit
3309,3309,4,2016,Transit
3310,3310,4,2016,Transit
3311,3311,4,2016,Transit
3312,3312,4,2016,Transit
3313,3313,4,2016,Transit
3314,3314,4,2016,Transit
3315,3315,4,2016,Transit
3316,3316,4,2016,Transit
3317,3317,4,2016,Transit
3318,3318,4,2016,Transit
3319,3319,4,2016,Transit
3320,3320,4,2016,Transit
3321,3321,4,2016,Transit
3322,3322,4,2016,Transit
3323,3323,4,2016,Transit
3324,3324,4,2016,Transit
3325,3325,4,2016,Transit
3326,3326,4,2016,Transit
3327,3327,4,2016,Transit
3328,3328,4,2016,Transit
3329,3329,4,2016,Transit
3330,3330,4,2016,Transit
3331,3331,4,2016,Transit
3332,3332,4,2016,Transit
3333,3333,4,2016,Transit
3334,3334,4,2016,Transit
3335,3335,4,2016,Transit
3336,3336,4,2016,Transit
3337,3337,4,2016,Transit
3338,3338,4,2016,Transit
3339,3339,4,2016,Transit
3340,3340,4,2016,Transit
3341,3341,4,2016,Transit
3342,3342,4,2016,Transit
3343,3343,4,2016,Transit
3344,3344,4,2016,Transit
3345,3345,4,2016,Transit
3346,3346,4,2016,Transit
3347,3347,4,2016,Transit
3348,3348,4,2016,Transit
3349,3349,4,2016,Transit
3350,3350,4,2016,Transit
3351,3351,4,2016,Transit
3352,3352,4,2016,Transit
3353,3353,4,2016,Transit
3354,3354,4,2016,Transit
3355,3355,4,2016,Transit
3356,3356,4,2016,Transit
3357,3357,4,2016,Transit
3358,3358,4,2016,Transit
3359,3359,4,2016,Transit
3360,3360,4,2016,Transit
3361,3361,4,2016,Transit
3362,3362,4,2016,Transit
3363,3363,4,2016,Transit
3364,3364,4,2016,Transit
3365,3365,4,2016,Transit
3366,3366,4,2016,Transit
3367,3367,4,2016,Transit
3368,3368,4,2016,Transit
3369,3369,4,2016,Transit
3370,3370,4,2016,Transit
3371,3371,4,2016,Transit
3372,3372,4,2016,Transit
3373,3373,4,2016,Transit
3374,3374,4,2016,Transit
3375,3375,4,2016,Transit
3376,3376,4,2016,Transit
3377,3377,4,2016,Transit
3378,3378,4,2016,Transit
3379,3379,4,2016,Transit
3380,3380,4,2016,Transit
3381,3381,4,2016,Transit
3382,3382,4,2016,Transit
3383,3383,4,2016,Transit
3384,3384,4,2016,Transit
3385,3385,4,2016,Transit
3386,3386,4,2016,Transit
3387,3387,4,2016,Transit
3388,3388,4,2016,Transit
3389,3389,4,2016,Transit
3390,3390,4,2016,Transit
3391,3391,4,2016,Transit
3392,3392,4,2016,Transit
3393,3393,4,2016,Transit
3394,3394,4,2016,Transit
3395,3395,4,2016,Transit
3396,3396,4,2016,Transit
3397,3397,4,2016,Transit
3398,3398,4,2016,Transit
3399,3399,4,2016,Transit
3400,3400,4,2016,Transit
3401,3401,4,2016,Transit
3402,3402,4,2016,Transit
3403,3403,4,2016,Transit
3404,3404,4,2016,Transit
3405,3405,4,2016,Transit
3406,3406,4,2016,Transit
3407,3407,4,2016,Transit
3408,3408,4,2016,Transit
3409,3409,4,2016,Transit
3410,3410,4,2016,Transit
3411,3411,4,2016,Transit
3412,3412,4,2016,Transit
3413,3413,4,2016,Transit
3414,3414,4,2016,Transit
3415,3415,4,2016,Transit
3416,3416,4,2016,Transit
3417,3417,4,2016,Transit
3418,3418,4,2016,Transit
3419,3419,4,2016,Transit
3420,3420,4,2016,Transit
3421,3421,4,2016,Transit
3422,3422,4,2016,Transit
3423,3423,4,2016,Transit
3424,3424,4,2016,Transit
3425,3425,4,2016,Transit
3426,3426,4,2016,Transit
3427,3427,4,2016,Transit
3428,3428,4,2016,Transit
3429,3429,4,2016,Transit
3430,3430,4,2016,Transit
3431,3431,4,2016,Transit
3432,3432,4,2016,Transit
3433,3433,4,2016,Transit
3434,3434,4,2016,Transit
3435,3435,4,2016,Transit
3436,3436,4,2016,Transit
3437,3437,4,2016,Transit
3438,3438,4,2016,Transit
3439,3439,4,2016,Transit
3440,3440,4,2016,Transit
3441,3441,4,2016,Transit
3442,3442,4,2016,Transit
3443,3443,4,2016,Transit
3444,3444,4,2016,Transit
3445,3445,4,2016,Transit
3446,3446,4,2016,Transit
3447,3447,4,2016,Transit
3448,3448,4,2016,Transit
3449,3449,4,2016,Transit
3450,3450,4,2016,Transit
3451,3451,4,2016,Transit
3452,3452,4,2016,Transit
3453,3453,4,2016,Transit
3454,3454,4,2016,Transit
3455,3455,4,2016,Transit
3456,3456,26,2015,Microlensing
3457,3457,27,2016,Transit
3458,3458,3,2016,Transit
3459,3459,3,2016,Transit
3460,3460,4,2016,Transit
3461,3461,4,2016,Transit
3462,3462,4,2016,Transit
3463,3463,4,2016,Transit
3464,3464,27,2016,Transit
3465,3465,27,2016,Transit
3466,3466,3,2016,Transit
3467,3467,3,2016,Transit
3468,3468,4,2016,Transit
3469,3469,4,2016,Transit
3470,3470,4,2016,Transit
3471,3471,3,2015,Transit
3472,3472,3,2015,Transit
3473,3473,4,2014,Transit
3474,3474,5,2014,Transit
3475,3475,4,2014,Transit
3476,3476,4,2016,Transit
3477,3477,4,2016,Transit
3478,3478,3,2015,Transit
3479,3479,3,2015,Transit
3480,3480,3,2016,Transit
3481,3481,4,2014,Transit
3482,3482,4,2016,Transit
3483,3483,4,2016,Transit
3484,3484,4,2016,Transit
3485,3485,4,2016,Transit
3486,3486,92,2016,Radial Velocity
3487,3487,4,2014,Transit
3488,3488,4,2016,Transit
3489,3489,4,2016,Transit
3490,3490,4,2016,Transit
3491,3491,8,2012,Microlensing
3492,3492,3,2016,Transit
3493,3493,4,2016,Transit
3494,3494,4,2016,Transit
3495,3495,4,2016,Transit
3496,3496,4,2016,Transit
3497,3497,4,2016,Transit
3498,3498,58,2016,Transit
3499,3499,58,2016,Transit
3500,3500,62,2016,Radial Velocity
3501,3501,4,2016,Transit
3502,3502,4,2016,Transit
3503,3503,3,2016,Transit
3504,3504,3,2016,Transit
3505,3505,4,2016,Transit
3506,3506,4,2016,Transit
3507,3507,4,2016,Transit
3508,3508,4,2016,Transit
3509,3509,3,2016,Transit
3510,3510,3,2016,Transit
3511,3511,4,2016,Transit
3512,3512,4,2016,Transit
3513,3513,4,2016,Transit
3514,3514,4,2016,Transit
3515,3515,3,2016,Transit
3516,3516,3,2016,Transit
3517,3517,4,2016,Transit
3518,3518,4,2016,Transit
3519,3519,4,2016,Transit
3520,3520,55,2016,Transit
3521,3521,4,2016,Transit
3522,3522,3,2016,Transit
3523,3523,3,2016,Transit
3524,3524,4,2016,Transit
3525,3525,4,2016,Transit
3526,3526,4,2016,Transit
3527,3527,4,2016,Transit
3528,3528,3,2016,Transit
3529,3529,3,2016,Transit
3530,3530,4,2016,Transit
3531,3531,4,2016,Transit
3532,3532,4,2016,Transit
3533,3533,24,2016,Transit
3534,3534,24,2016,Transit
3535,3535,3,2016,Transit
3536,3536,3,2016,Transit
3537,3537,4,2016,Transit
3538,3538,4,2016,Transit
3539,3539,26,2016,Microlensing
3540,3540,3,2016,Transit
3541,3541,3,2016,Transit
3542,3542,4,2016,Transit
3543,3543,27,2016,Transit
3544,3544,27,2016,Transit
3545,3545,3,2016,Transit
3546,3546,3,2016,Transit
3547,3547,4,2016,Transit
3548,3548,4,2016,Transit
3549,3549,4,2016,Transit
3550,3550,4,2016,Transit
3551,3551,27,2016,Transit
3552,3552,3,2016,Transit
3553,3553,3,2016,Transit
3554,3554,4,2016,Transit
3555,3555,4,2016,Transit
3556,3556,4,2016,Transit
3557,3557,4,2016,Transit
3558,3558,26,2017,Microlensing
3559,3559,4,2017,Transit
3560,3560,3,2018,Transit
3561,3561,3,2016,Transit
3562,3562,25,2017,Transit
3563,3563,3,2016,Transit
3564,3564,4,2017,Transit
3565,3565,13,2017,Radial Velocity
3566,3566,3,2016,Transit
3567,3567,3,2016,Transit
3568,3568,3,2016,Transit
3569,3569,25,2017,Transit
3570,3570,7,2017,Radial Velocity
3571,3571,26,2017,Microlensing
3572,3572,3,2018,Transit
3573,3573,3,2018,Transit
3574,3574,11,2010,Radial Velocity
3575,3575,93,2017,Radial Velocity
3576,3576,94,2017,Transit
3577,3577,28,2017,Radial Velocity
3578,3578,3,2018,Transit
3579,3579,3,2018,Transit
3580,3580,3,2017,Transit
3581,3581,5,2017,Transit
3582,3582,94,2017,Transit
3583,3583,28,2015,Radial Velocity
3584,3584,13,2017,Radial Velocity
3585,3585,7,2017,Radial Velocity
3586,3586,3,2018,Transit
3587,3587,8,2017,Microlensing
3588,3588,13,2017,Radial Velocity
3589,3589,28,2015,Radial Velocity
3590,3590,13,2015,Radial Velocity
3591,3591,8,2017,Microlensing
3592,3592,45,2017,Radial Velocity
3593,3593,3,2018,Transit
3594,3594,3,2018,Transit
3595,3595,13,2017,Radial Velocity
3596,3596,13,2017,Radial Velocity
3597,3597,13,2016,Radial Velocity
3598,3598,13,2017,Radial Velocity
3599,3599,4,2017,Transit
3600,3600,3,2018,Transit
3601,3601,3,2018,Transit
3602,3602,7,2015,Radial Velocity
3603,3603,7,2015,Radial Velocity
3604,3604,7,2015,Radial Velocity
3605,3605,3,2018,Transit
3606,3606,4,2017,Transit
3607,3607,7,2015,Radial Velocity
3608,3608,80,2017,Pulsar Timing
3609,3609,27,2017,Transit
3610,3610,13,2017,Radial Velocity
3611,3611,24,2017,Transit
3612,3612,13,2016,Radial Velocity
3613,3613,13,2016,Radial Velocity
3614,3614,7,2017,Radial Velocity
3615,3615,13,2017,Microlensing
3616,3616,24,2017,Transit
3617,3617,13,2016,Radial Velocity
3618,3618,13,2016,Radial Velocity
3619,3619,7,2017,Radial Velocity
3620,3620,13,2018,Radial Velocity
3621,3621,13,2017,Radial Velocity
3622,3622,7,2017,Radial Velocity
3623,3623,13,2018,Radial Velocity
3624,3624,3,2015,Transit
3625,3625,3,2015,Transit
3626,3626,3,2015,Transit
3627,3627,24,2016,Transit
3628,3628,3,2016,Transit
3629,3629,7,2017,Radial Velocity
3630,3630,7,2017,Radial Velocity
3631,3631,3,2018,Transit
3632,3632,56,2018,Transit
3633,3633,3,2017,Transit
3634,3634,13,2016,Radial Velocity
3635,3635,27,2016,Transit
3636,3636,4,2017,Transit
3637,3637,29,2017,Transit
3638,3638,3,2018,Transit
3639,3639,3,2017,Transit
3640,3640,56,2017,Transit
3641,3641,3,2018,Transit
3642,3642,3,2018,Transit
3643,3643,3,2016,Transit
3644,3644,27,2016,Transit
3645,3645,8,2017,Microlensing
3646,3646,3,2018,Transit
3647,3647,3,2018,Transit
3648,3648,3,2017,Transit
3649,3649,3,2016,Transit
3650,3650,40,2016,Transit
3651,3651,9,2003,Radial Velocity
3652,3652,13,2001,Radial Velocity
3653,3653,45,2012,Radial Velocity
3654,3654,5,2012,Transit
3655,3655,3,2018,Transit
3656,3656,27,2018,Transit
3657,3657,7,2011,Radial Velocity
3658,3658,11,2009,Radial Velocity
3659,3659,7,2011,Radial Velocity
3660,3660,9,1999,Radial Velocity
3661,3661,5,2012,Transit
3662,3662,27,2018,Transit
3663,3663,27,2018,Transit
3664,3664,9,2005,Radial Velocity
3665,3665,7,2008,Radial Velocity
3666,3666,1,2002,Radial Velocity
3667,3667,11,2011,Radial Velocity
3668,3668,11,2006,Radial Velocity
3669,3669,12,2011,Radial Velocity
3670,3670,45,2018,Radial Velocity
3671,3671,95,2018,Transit
3672,3672,18,2008,Radial Velocity
3673,3673,43,2014,Transit
3674,3674,2,2014,Transit
3675,3675,3,2018,Transit
3676,3676,11,2011,Radial Velocity
3677,3677,96,1999,Radial Velocity
3678,3678,9,2007,Radial Velocity
3679,3679,88,2013,Radial Velocity
3680,3680,5,2014,Transit
3681,3681,3,2018,Transit
3682,3682,21,2009,Radial Velocity
3683,3683,11,2000,Radial Velocity
3684,3684,5,2008,Transit
3685,3685,5,2009,Transit
3686,3686,5,2014,Transit
3687,3687,5,2014,Transit
3688,3688,97,2009,Radial Velocity
3689,3689,7,2009,Radial Velocity
3690,3690,7,2010,Radial Velocity
3691,3691,5,2008,Transit
3692,3692,5,2014,Transit
3693,3693,11,2000,Radial Velocity
3694,3694,9,1999,Radial Velocity
3695,3695,5,2010,Transit
3696,3696,41,2015,Radial Velocity
3697,3697,5,2015,Transit
3698,3698,7,2011,Radial Velocity
3699,3699,5,2010,Transit
3700,3700,5,2010,Transit
3701,3701,3,2018,Transit
3702,3702,3,2018,Transit
3703,3703,2,2010,Transit
3704,3704,2,2010,Transit
3705,3705,7,2005,Radial Velocity
3706,3706,5,2010,Transit
3707,3707,3,2018,Transit
3708,3708,3,2018,Transit
3709,3709,2,2011,Transit
3710,3710,9,2001,Radial Velocity
3711,3711,7,2009,Radial Velocity
3712,3712,5,2011,Transit
3713,3713,5,2011,Transit
3714,3714,3,2018,Transit
3715,3715,3,2018,Transit
3716,3716,3,2018,Transit
3717,3717,2,2007,Transit
3718,3718,2,2007,Transit
3719,3719,11,2010,Radial Velocity
3720,3720,41,2011,Radial Velocity
3721,3721,40,2006,Transit
3722,3722,98,2010,Transit
3723,3723,3,2018,Transit
3724,3724,3,2018,Transit
3725,3725,7,2005,Radial Velocity
3726,3726,7,2005,Radial Velocity
3727,3727,21,2009,Radial Velocity
3728,3728,43,2012,Transit
3729,3729,88,2012,Radial Velocity
3730,3730,3,2018,Transit
3731,3731,99,2006,Radial Velocity
3732,3732,7,2005,Radial Velocity
3733,3733,7,2004,Radial Velocity
3734,3734,11,2009,Radial Velocity
3735,3735,7,2012,Radial Velocity
3736,3736,2,2012,Transit
3737,3737,7,2018,Radial Velocity
3738,3738,7,2018,Radial Velocity
3739,3739,7,2011,Radial Velocity
3740,3740,11,2002,Radial Velocity
3741,3741,13,2002,Radial Velocity
3742,3742,11,2001,Radial Velocity
3743,3743,5,2012,Transit
3744,3744,100,2018,Microlensing
3745,3745,9,2003,Radial Velocity
3746,3746,7,2008,Radial Velocity
3747,3747,5,2012,Transit
3748,3748,5,2012,Transit
3749,3749,3,2018,Transit
3750,3750,21,2006,Radial Velocity
3751,3751,11,2009,Radial Velocity
3752,3752,3,2018,Transit
3753,3753,13,2018,Radial Velocity
3754,3754,3,2018,Transit
3755,3755,24,2018,Transit
3756,3756,21,2010,Radial Velocity
3757,3757,3,2018,Transit
3758,3758,24,2018,Transit
3759,3759,24,2018,Transit
3760,3760,11,2011,Radial Velocity
3761,3761,11,2011,Radial Velocity
3762,3762,8,2018,Microlensing
3763,3763,3,2018,Transit
3764,3764,3,2018,Transit
3765,3765,3,2018,Transit
3766,3766,24,2018,Transit
3767,3767,8,2018,Microlensing
3768,3768,11,2007,Radial Velocity
3769,3769,3,2018,Transit
3770,3770,3,2018,Transit
3771,3771,3,2018,Transit
3772,3772,24,2018,Transit
3773,3773,24,2018,Transit
3774,3774,11,2016,Radial Velocity
3775,3775,3,2018,Transit
3776,3776,27,2018,Transit
3777,3777,24,2018,Transit
3778,3778,11,2011,Radial Velocity
3779,3779,3,2018,Transit
3780,3780,3,2018,Transit
3781,3781,3,2018,Transit
3782,3782,3,2018,Transit
3783,3783,3,2018,Transit
3784,3784,11,2014,Radial Velocity
3785,3785,3,2018,Transit
3786,3786,3,2018,Transit
3787,3787,20,2018,Radial Velocity
3788,3788,23,2018,Microlensing
3789,3789,11,2018,Radial Velocity
3790,3790,3,2018,Transit
3791,3791,27,2016,Transit
3792,3792,23,2018,Microlensing
3793,3793,26,2018,Microlensing
3794,3794,3,2018,Transit
3795,3795,3,2017,Transit
3796,3796,3,2018,Transit
3797,3797,26,2018,Microlensing
3798,3798,45,2015,Radial Velocity
3799,3799,3,2018,Transit
3800,3800,3,2017,Transit
3801,3801,28,2023,Radial Velocity
3802,3802,3,2018,Transit
3803,3803,3,2018,Transit
3804,3804,27,2018,Transit
3805,3805,55,2016,Transit
3806,3806,3,2018,Transit
3807,3807,3,2018,Transit
3808,3808,17,2012,Transit
3809,3809,21,1996,Radial Velocity
3810,3810,3,2016,Transit
3811,3811,3,2018,Transit
3812,3812,3,2018,Transit
3813,3813,11,2010,Radial Velocity
3814,3814,11,2011,Radial Velocity
3815,3815,27,2015,Transit
3816,3816,3,2018,Transit
3817,3817,3,2018,Transit
3818,3818,11,2011,Radial Velocity
3819,3819,11,2011,Radial Velocity
3820,3820,49,2018,Transit
3821,3821,3,2018,Transit
3822,3822,3,2018,Transit
3823,3823,3,2018,Transit
3824,3824,3,2018,Transit
3825,3825,1,2003,Radial Velocity
3826,3826,27,2018,Transit
3827,3827,11,2019,Radial Velocity
3828,3828,11,2019,Radial Velocity
3829,3829,23,2019,Microlensing
3830,3830,1,2004,Radial Velocity
3831,3831,49,2019,Transit
3832,3832,3,2018,Transit
3833,3833,63,2019,Imaging
3834,3834,4,2016,Transit
3835,3835,3,2017,Transit
3836,3836,3,2017,Transit
3837,3837,2,2012,Transit
3838,3838,101,1999,Radial Velocity
3839,3839,7,2013,Radial Velocity
3840,3840,3,2019,Transit
3841,3841,3,2019,Transit
3842,3842,8,2019,Microlensing
3843,3843,3,2019,Transit
3844,3844,2,2011,Transit
3845,3845,3,2019,Transit
3846,3846,3,2019,Transit
3847,3847,2,2011,Transit
3848,3848,3,2016,Transit
3849,3849,3,2016,Transit
3850,3850,3,2019,Transit
3851,3851,14,2019,Transit
3852,3852,3,2019,Transit
3853,3853,3,2019,Transit
3854,3854,2,2008,Transit
3855,3855,94,2017,Transit
3856,3856,3,2016,Transit
3857,3857,3,2019,Transit
3858,3858,28,2019,Radial Velocity
3859,3859,3,2019,Transit
3860,3860,3,2019,Transit
3861,3861,4,2010,Transit
3862,3862,3,2017,Transit
3863,3863,13,2000,Radial Velocity
3864,3864,4,2011,Transit
3865,3865,5,2010,Transit
3866,3866,7,2019,Radial Velocity
3867,3867,5,2019,Transit
3868,3868,5,2019,Transit
3869,3869,4,2011,Transit
3870,3870,24,2018,Transit
3871,3871,24,2018,Transit
3872,3872,7,2019,Radial Velocity
3873,3873,7,2019,Radial Velocity
3874,3874,4,2012,Transit
3875,3875,13,2019,Radial Velocity
3876,3876,7,2019,Radial Velocity
3877,3877,7,2019,Radial Velocity
3878,3878,4,2019,Transit
3879,3879,44,2019,Radial Velocity
3880,3880,3,2018,Transit
3881,3881,3,2018,Transit
3882,3882,7,2019,Radial Velocity
3883,3883,7,2019,Radial Velocity
3884,3884,14,2019,Transit
3885,3885,11,2002,Radial Velocity
3886,3886,3,2018,Transit
3887,3887,29,2019,Transit
3888,3888,49,2019,Transit
3889,3889,7,2018,Radial Velocity
3890,3890,11,2004,Radial Velocity
3891,3891,18,2008,Radial Velocity
3892,3892,3,2018,Transit
3893,3893,27,2018,Transit
3894,3894,7,2019,Radial Velocity
3895,3895,7,2019,Radial Velocity
3896,3896,18,2009,Radial Velocity
3897,3897,27,2018,Transit
3898,3898,27,2018,Transit
3899,3899,27,2019,Transit
3900,3900,3,2018,Transit
3901,3901,23,2019,Microlensing
3902,3902,33,2019,Radial Velocity
3903,3903,33,2019,Radial Velocity
3904,3904,1,2006,Radial Velocity
3905,3905,7,2010,Radial Velocity
3906,3906,27,2018,Transit
3907,3907,27,2018,Transit
3908,3908,14,2018,Transit
3909,3909,33,2019,Radial Velocity
3910,3910,33,2019,Radial Velocity
3911,3911,51,2009,Radial Velocity
3912,3912,27,2018,Transit
3913,3913,27,2018,Transit
3914,3914,20,2019,Radial Velocity
3915,3915,57,2019,Transit
3916,3916,4,2023,Transit
3917,3917,40,2019,Transit
3918,3918,27,2019,Transit
3919,3919,4,2023,Transit
3920,3920,4,2023,Transit
3921,3921,14,2020,Transit
3922,3922,7,2013,Radial Velocity
3923,3923,27,2019,Transit
3924,3924,13,2019,Radial Velocity
3925,3925,4,2023,Transit
3926,3926,4,2023,Transit
3927,3927,13,2014,Radial Velocity
3928,3928,57,2019,Transit
3929,3929,4,2023,Transit
3930,3930,4,2023,Transit
3931,3931,4,2023,Transit
3932,3932,4,2023,Transit
3933,3933,25,2020,Radial Velocity
3934,3934,25,2020,Radial Velocity
3935,3935,57,2019,Transit
3936,3936,4,2023,Transit
3937,3937,4,2023,Transit
3938,3938,3,2020,Transit
3939,3939,4,2020,Transit
3940,3940,8,2019,Microlensing
3941,3941,4,2023,Transit
3942,3942,4,2023,Transit
3943,3943,4,2023,Transit
3944,3944,4,2023,Transit
3945,3945,3,2020,Transit
3946,3946,3,2020,Transit
3947,3947,5,2019,Transit
3948,3948,5,2007,Transit
3949,3949,4,2023,Transit
3950,3950,4,2023,Transit
3951,3951,5,2011,Transit
3952,3952,5,2011,Transit
3953,3953,4,2023,Transit
3954,3954,27,2020,Transit
3955,3955,28,2018,Radial Velocity
3956,3956,4,2023,Transit
3957,3957,4,2023,Transit
3958,3958,3,2018,Transit
3959,3959,57,2019,Transit
3960,3960,57,2019,Transit
3961,3961,4,2023,Transit
3962,3962,4,2023,Transit
3963,3963,23,2018,Microlensing
3964,3964,4,2023,Transit
3965,3965,14,2019,Transit
3966,3966,13,2014,Radial Velocity
3967,3967,8,2019,Microlensing
3968,3968,4,2023,Transit
3969,3969,4,2017,Transit Timing Variations
3970,3970,26,2019,Microlensing
3971,3971,13,2024,Transit Timing Variations
3972,3972,14,2026,Transit
3973,3973,102,2019,Disk Kinematics
3974,3974,1,2011,Radial Velocity
3975,3975,4,2023,Transit
3976,3976,49,2019,Transit
3977,3977,3,2019,Transit
3978,3978,13,2019,Radial Velocity
3979,3979,4,2023,Transit
3980,3980,28,2018,Radial Velocity
3981,3981,3,2019,Transit
3982,3982,4,2023,Transit
3983,3983,4,2023,Transit
3984,3984,14,2019,Transit
3985,3985,4,2023,Transit
3986,3986,4,2023,Transit
3987,3987,13,2019,Radial Velocity
3988,3988,2,2019,Transit
3989,3989,4,2023,Transit
3990,3990,14,2020,Transit
3991,3991,14,2020,Transit
3992,3992,14,2020,Transit
3993,3993,4,2011,Transit
3994,3994,4,2020,Transit
3995,3995,4,2020,Transit
3996,3996,14,2020,Transit
3997,3997,13,2016,Radial Velocity
3998,3998,23,2020,Microlensing
3999,3999,14,2020,Transit
4000,4000,58,2020,Transit
4001,4001,49,2021,Transit
4002,4002,26,2010,Microlensing
4003,4003,4,2020,Transit
4004,4004,4,2020,Transit
4005,4005,23,2020,Microlensing
4006,4006,8,2020,Microlensing
4007,4007,8,2020,Microlensing
4008,4008,49,2021,Transit
4009,4009,7,2021,Radial Velocity
4010,4010,8,2020,Microlensing
4011,4011,8,2020,Microlensing
4012,4012,4,2020,Transit
4013,4013,4,2020,Transit
4014,4014,4,2016,Transit
4015,4015,13,2021,Radial Velocity
4016,4016,7,2021,Radial Velocity
4017,4017,13,2021,Radial Velocity
4018,4018,23,2020,Microlensing
4019,4019,8,2020,Microlensing
4020,4020,4,2020,Transit
4021,4021,4,2020,Transit
4022,4022,3,2020,Transit
4023,4023,4,2020,Transit Timing Variations
4024,4024,4,2014,Transit
4025,4025,4,2020,Transit
4026,4026,4,2020,Transit
4027,4027,3,2020,Transit
4028,4028,14,2021,Transit
4029,4029,4,2020,Transit
4030,4030,4,2020,Transit
4031,4031,14,2020,Transit
4032,4032,3,2020,Transit
4033,4033,27,2020,Transit
4034,4034,63,2020,Imaging
4035,4035,103,2020,Transit
4036,4036,26,2014,Microlensing
4037,4037,23,2019,Microlensing
4038,4038,8,2019,Microlensing
4039,4039,28,2020,Radial Velocity
4040,4040,7,2014,Radial Velocity
4041,4041,14,2020,Transit
4042,4042,14,2020,Transit
4043,4043,14,2020,Transit
4044,4044,8,2020,Microlensing
4045,4045,14,2020,Transit
4046,4046,14,2020,Transit
4047,4047,4,2020,Transit
4048,4048,4,2020,Transit
4049,4049,28,2018,Radial Velocity
4050,4050,44,2018,Radial Velocity
4051,4051,20,2020,Radial Velocity
4052,4052,20,2020,Radial Velocity
4053,4053,27,2020,Transit
4054,4054,104,2014,Radial Velocity
4055,4055,13,2020,Radial Velocity
4056,4056,14,2020,Transit
4057,4057,13,2020,Radial Velocity
4058,4058,17,2020,Transit
4059,4059,17,2020,Transit
4060,4060,13,2020,Radial Velocity
4061,4061,5,2020,Transit
4062,4062,4,2011,Transit
4063,4063,4,2020,Transit
4064,4064,4,2020,Transit
4065,4065,13,2020,Radial Velocity
4066,4066,13,2020,Radial Velocity
4067,4067,14,2021,Transit
4068,4068,2,2020,Transit
4069,4069,4,2013,Transit
4070,4070,4,2012,Transit
4071,4071,4,2020,Transit
4072,4072,4,2020,Transit
4073,4073,4,2020,Transit
4074,4074,23,2020,Microlensing
4075,4075,4,2020,Transit
4076,4076,4,2020,Transit
4077,4077,13,2021,Radial Velocity
4078,4078,20,2021,Radial Velocity
4079,4079,3,2021,Transit
4080,4080,13,2021,Radial Velocity
4081,4081,13,2021,Radial Velocity
4082,4082,13,2021,Radial Velocity
4083,4083,3,2021,Transit
4084,4084,44,2020,Radial Velocity
4085,4085,44,2021,Radial Velocity
4086,4086,3,2021,Transit
4087,4087,3,2021,Transit
4088,4088,3,2018,Transit
4089,4089,3,2018,Transit
4090,4090,14,2021,Transit
4091,4091,47,2021,Transit
4092,4092,47,2021,Transit
4093,4093,3,2021,Transit
4094,4094,14,2021,Transit
4095,4095,3,2021,Transit
4096,4096,3,2018,Transit
4097,4097,3,2018,Transit
4098,4098,3,2016,Transit
4099,4099,3,2019,Transit
4100,4100,47,2021,Transit
4101,4101,4,2014,Transit
4102,4102,3,2021,Transit
4103,4103,3,2021,Transit
4104,4104,3,2016,Transit
4105,4105,3,2016,Transit
4106,4106,4,2021,Orbital Brightness Modulation
4107,4107,3,2021,Transit
4108,4108,3,2021,Transit
4109,4109,3,2017,Transit
4110,4110,3,2019,Transit
4111,4111,49,2021,Transit
4112,4112,3,2021,Transit
4113,4113,3,2021,Transit
4114,4114,14,2021,Transit
4115,4115,13,2020,Radial Velocity
4116,4116,49,2021,Transit
4117,4117,7,2019,Radial Velocity
4118,4118,3,2021,Transit
4119,4119,11,2021,Radial Velocity
4120,4120,20,2021,Radial Velocity
4121,4121,7,2019,Radial Velocity
4122,4122,3,2021,Transit
4123,4123,3,2017,Transit
4124,4124,4,2018,Transit
4125,4125,3,2021,Transit
4126,4126,3,2017,Transit
4127,4127,3,2017,Transit
4128,4128,3,2021,Transit
4129,4129,3,2017,Transit
4130,4130,3,2016,Transit
4131,4131,13,2021,Transit Timing Variations
4132,4132,23,2021,Microlensing
4133,4133,3,2021,Transit
4134,4134,3,2016,Transit
4135,4135,3,2021,Transit
4136,4136,13,2021,Radial Velocity
4137,4137,45,2020,Radial Velocity
4138,4138,14,2021,Transit
4139,4139,14,2021,Transit
4140,4140,23,2021,Microlensing
4141,4141,3,2018,Transit
4142,4142,3,2021,Transit
4143,4143,1,2019,Radial Velocity
4144,4144,3,2018,Transit
4145,4145,14,2021,Transit
4146,4146,13,2021,Radial Velocity
4147,4147,20,2021,Radial Velocity
4148,4148,4,2021,Transit
4149,4149,4,2021,Transit
4150,4150,4,2021,Transit
4151,4151,14,2021,Transit
4152,4152,4,2021,Transit
4153,4153,4,2021,Transit
4154,4154,4,2021,Transit
4155,4155,4,2021,Transit
4156,4156,14,2021,Transit
4157,4157,4,2021,Transit
4158,4158,4,2021,Transit
4159,4159,4,2021,Transit
4160,4160,2,2012,Transit
4161,4161,4,2021,Transit
4162,4162,4,2021,Transit
4163,4163,4,2021,Transit
4164,4164,4,2021,Transit
4165,4165,4,2021,Transit
4166,4166,4,2021,Transit
4167,4167,4,2021,Transit
4168,4168,3,2016,Transit
4169,4169,4,2021,Transit
4170,4170,4,2021,Transit
4171,4171,4,2021,Transit
4172,4172,4,2021,Transit
4173,4173,4,2021,Transit
4174,4174,4,2021,Transit
4175,4175,3,2016,Transit
4176,4176,4,2021,Transit
4177,4177,4,2021,Transit
4178,4178,4,2021,Transit
4179,4179,4,2021,Transit
4180,4180,3,2021,Transit
4181,4181,3,2021,Transit
4182,4182,4,2021,Transit
4183,4183,4,2021,Transit
4184,4184,4,2021,Transit
4185,4185,4,2021,Transit
4186,4186,3,2021,Transit
4187,4187,3,2021,Transit
4188,4188,4,2021,Transit
4189,4189,4,2021,Transit
4190,4190,4,2021,Transit
4191,4191,4,2021,Transit
4192,4192,4,2021,Transit
4193,4193,4,2021,Transit
4194,4194,4,2021,Transit
4195,4195,3,2018,Transit
4196,4196,4,2021,Transit
4197,4197,4,2021,Transit
4198,4198,4,2021,Transit
4199,4199,4,2021,Transit
4200,4200,4,2021,Transit
4201,4201,3,2019,Transit
4202,4202,3,2018,Transit
4203,4203,3,2016,Transit
4204,4204,4,2021,Transit
4205,4205,4,2021,Transit
4206,4206,3,2021,Transit
4207,4207,3,2021,Transit
4208,4208,4,2021,Transit
4209,4209,4,2021,Transit
4210,4210,3,2018,Transit
4211,4211,3,2018,Transit
4212,4212,4,2021,Transit
4213,4213,4,2021,Transit
4214,4214,4,2021,Transit
4215,4215,14,2021,Transit
4216,4216,7,2021,Radial Velocity
4217,4217,8,2021,Microlensing
4218,4218,8,2021,Microlensing
4219,4219,4,2021,Transit
4220,4220,4,2021,Transit
4221,4221,4,2021,Transit
4222,4222,7,2021,Radial Velocity
4223,4223,7,2021,Radial Velocity
4224,4224,14,2021,Transit
4225,4225,4,2021,Transit
4226,4226,4,2021,Transit
4227,4227,4,2021,Transit
4228,4228,7,2021,Radial Velocity
4229,4229,7,2021,Radial Velocity
4230,4230,13,2021,Radial Velocity
4231,4231,4,2021,Transit
4232,4232,4,2021,Transit
4233,4233,4,2021,Transit
4234,4234,4,2021,Transit
4235,4235,4,2021,Transit
4236,4236,4,2021,Transit
4237,4237,4,2021,Transit
4238,4238,14,2021,Transit
4239,4239,4,2021,Transit
4240,4240,4,2021,Transit
4241,4241,4,2021,Transit
4242,4242,4,2021,Transit
4243,4243,27,2021,Transit
4244,4244,4,2021,Transit
4245,4245,4,2021,Transit
4246,4246,4,2021,Transit
4247,4247,4,2021,Transit
4248,4248,4,2021,Transit
4249,4249,4,2021,Transit
4250,4250,9,2022,Radial Velocity
4251,4251,4,2021,Transit
4252,4252,4,2021,Transit
4253,4253,4,2021,Transit
4254,4254,4,2021,Transit
4255,4255,4,2021,Transit
4256,4256,4,2021,Transit
4257,4257,4,2021,Transit
4258,4258,4,2021,Transit
4259,4259,4,2021,Transit
4260,4260,4,2021,Transit
4261,4261,4,2021,Transit
4262,4262,4,2021,Transit
4263,4263,7,2017,Radial Velocity
4264,4264,7,2017,Radial Velocity
4265,4265,4,2021,Transit
4266,4266,4,2021,Transit
4267,4267,4,2021,Transit
4268,4268,4,2021,Transit
4269,4269,4,2021,Transit
4270,4270,4,2021,Transit
4271,4271,4,2021,Transit
4272,4272,4,2021,Transit
4273,4273,4,2021,Transit
4274,4274,4,2021,Transit
4275,4275,4,2021,Transit
4276,4276,4,2021,Transit
4277,4277,4,2022,Transit
4278,4278,4,2021,Transit
4279,4279,4,2021,Transit
4280,4280,4,2021,Transit
4281,4281,4,2021,Transit
4282,4282,4,2021,Transit
4283,4283,4,2021,Transit
4284,4284,4,2021,Transit
4285,4285,4,2021,Transit
4286,4286,4,2021,Transit
4287,4287,4,2021,Transit
4288,4288,8,2021,Microlensing
4289,4289,4,2021,Transit
4290,4290,4,2021,Transit
4291,4291,4,2021,Transit
4292,4292,4,2021,Transit
4293,4293,4,2021,Transit
4294,4294,4,2021,Transit
4295,4295,4,2021,Transit
4296,4296,4,2021,Transit
4297,4297,4,2021,Transit
4298,4298,4,2021,Transit
4299,4299,4,2021,Transit
4300,4300,4,2021,Transit
4301,4301,4,2021,Transit
4302,4302,4,2021,Transit
4303,4303,4,2021,Transit
4304,4304,63,2021,Imaging
4305,4305,8,2020,Microlensing
4306,4306,4,2021,Transit
4307,4307,4,2021,Transit
4308,4308,4,2021,Transit
4309,4309,4,2021,Transit
4310,4310,4,2021,Transit
4311,4311,4,2021,Transit
4312,4312,4,2021,Transit
4313,4313,4,2021,Transit
4314,4314,4,2021,Transit
4315,4315,4,2021,Transit
4316,4316,30,2021,Radial Velocity
4317,4317,30,2021,Radial Velocity
4318,4318,30,2021,Radial Velocity
4319,4319,4,2021,Transit
4320,4320,4,2021,Transit
4321,4321,4,2021,Transit
4322,4322,4,2021,Transit
4323,4323,4,2021,Transit
4324,4324,4,2021,Transit
4325,4325,30,2021,Radial Velocity
4326,4326,30,2021,Radial Velocity
4327,4327,4,2021,Transit
4328,4328,4,2021,Transit
4329,4329,4,2021,Transit
4330,4330,4,2021,Transit
4331,4331,30,2021,Radial Velocity
4332,4332,105,2021,Radial Velocity
4333,4333,4,2021,Transit
4334,4334,4,2021,Transit
4335,4335,4,2021,Transit
4336,4336,4,2021,Transit
4337,4337,4,2021,Transit
4338,4338,105,2021,Radial Velocity
4339,4339,4,2021,Transit
4340,4340,4,2021,Transit
4341,4341,14,2022,Transit
4342,4342,3,2015,Transit
4343,4343,14,2022,Transit
4344,4344,3,2022,Transit
4345,4345,3,2022,Transit
4346,4346,31,2002,Radial Velocity
4347,4347,17,2022,Transit
4348,4348,17,2022,Transit
4349,4349,3,2022,Transit
4350,4350,3,2022,Transit
4351,4351,7,2021,Radial Velocity
4352,4352,3,2022,Transit
4353,4353,3,2022,Transit
4354,4354,1,2004,Radial Velocity
4355,4355,7,2004,Radial Velocity
4356,4356,3,2022,Transit
4357,4357,3,2022,Transit
4358,4358,14,2022,Transit
4359,4359,106,2022,Imaging
4360,4360,11,2011,Radial Velocity
4361,4361,3,2022,Transit
4362,4362,3,2022,Transit
4363,4363,3,2022,Transit
4364,4364,44,2022,Radial Velocity
4365,4365,14,2022,Transit
4366,4366,7,2006,Radial Velocity
4367,4367,3,2022,Transit
4368,4368,3,2022,Transit
4369,4369,14,2022,Transit
4370,4370,4,2022,Transit Timing Variations
4371,4371,3,2022,Transit
4372,4372,3,2022,Transit
4373,4373,14,2022,Transit
4374,4374,7,2022,Radial Velocity
4375,4375,7,2022,Radial Velocity
4376,4376,13,2022,Radial Velocity
4377,4377,45,2022,Radial Velocity
4378,4378,3,2022,Transit
4379,4379,14,2022,Transit
4380,4380,20,2019,Radial Velocity
4381,4381,14,2022,Transit
4382,4382,3,2020,Transit
4383,4383,13,2021,Radial Velocity
4384,4384,14,2022,Transit
4385,4385,14,2022,Transit
4386,4386,3,2022,Transit
4387,4387,3,2020,Transit
4388,4388,14,2022,Transit
4389,4389,11,2022,Radial Velocity
4390,4390,14,2022,Transit
4391,4391,3,2022,Transit
4392,4392,3,2020,Transit
4393,4393,63,2022,Imaging
4394,4394,14,2022,Transit
4395,4395,3,2022,Transit
4396,4396,3,2020,Transit
4397,4397,13,2005,Radial Velocity
4398,4398,9,2009,Radial Velocity
4399,4399,21,2009,Radial Velocity
4400,4400,14,2022,Transit
4401,4401,14,2022,Transit
4402,4402,3,2022,Transit
4403,4403,3,2020,Transit
4404,4404,9,2012,Radial Velocity
4405,4405,23,2021,Microlensing
4406,4406,3,2022,Transit
4407,4407,3,2020,Transit
4408,4408,14,2022,Transit
4409,4409,14,2022,Transit
4410,4410,12,2017,Radial Velocity
4411,4411,23,2022,Microlensing
4412,4412,3,2022,Transit
4413,4413,3,2018,Transit
4414,4414,107,2022,Radial Velocity
4415,4415,3,2022,Transit
4416,4416,3,2022,Transit
4417,4417,13,2022,Radial Velocity
4418,4418,13,2022,Radial Velocity
4419,4419,13,2022,Radial Velocity
4420,4420,13,2022,Radial Velocity
4421,4421,14,2022,Transit
4422,4422,20,2013,Radial Velocity
4423,4423,13,2014,Radial Velocity
4424,4424,13,2022,Radial Velocity
4425,4425,13,2022,Radial Velocity
4426,4426,13,2022,Radial Velocity
4427,4427,13,2022,Radial Velocity
4428,4428,13,2022,Radial Velocity
4429,4429,14,2022,Transit
4430,4430,14,2022,Transit
4431,4431,14,2022,Transit
4432,4432,11,2015,Radial Velocity
4433,4433,13,2022,Radial Velocity
4434,4434,13,2022,Radial Velocity
4435,4435,13,2022,Radial Velocity
4436,4436,13,2022,Radial Velocity
4437,4437,14,2022,Transit
4438,4438,20,2016,Radial Velocity
4439,4439,13,2022,Radial Velocity
4440,4440,13,2022,Radial Velocity
4441,4441,13,2022,Radial Velocity
4442,4442,14,2022,Transit
4443,4443,108,2022,Astrometry
4444,4444,109,2016,Radial Velocity
4445,4445,25,2016,Radial Velocity
4446,4446,13,2016,Radial Velocity
4447,4447,13,2022,Radial Velocity
4448,4448,14,2022,Transit
4449,4449,9,2003,Radial Velocity
4450,4450,11,1999,Radial Velocity
4451,4451,11,2007,Radial Velocity
4452,4452,13,2017,Radial Velocity
4453,4453,13,2022,Radial Velocity
4454,4454,13,2022,Radial Velocity
4455,4455,13,2022,Radial Velocity
4456,4456,13,2022,Radial Velocity
4457,4457,13,2022,Radial Velocity
4458,4458,13,2022,Radial Velocity
4459,4459,7,2009,Radial Velocity
4460,4460,7,2009,Radial Velocity
4461,4461,11,2016,Radial Velocity
4462,4462,7,2017,Radial Velocity
4463,4463,9,2019,Radial Velocity
4464,4464,13,2022,Radial Velocity
4465,4465,13,2022,Radial Velocity
4466,4466,97,2008,Radial Velocity
4467,4467,9,2019,Radial Velocity
4468,4468,13,2022,Radial Velocity
4469,4469,11,1998,Radial Velocity
4470,4470,20,2011,Radial Velocity
4471,4471,11,2000,Radial Velocity
4472,4472,25,2020,Radial Velocity
4473,4473,45,2020,Radial Velocity
4474,4474,13,2022,Radial Velocity
4475,4475,9,2003,Radial Velocity
4476,4476,13,2021,Radial Velocity
4477,4477,13,2022,Radial Velocity
4478,4478,13,2022,Radial Velocity
4479,4479,14,2022,Transit
4480,4480,11,2008,Radial Velocity
4481,4481,13,2021,Radial Velocity
4482,4482,20,2021,Radial Velocity
4483,4483,13,2022,Radial Velocity
4484,4484,13,2022,Radial Velocity
4485,4485,13,2022,Radial Velocity
4486,4486,13,2022,Radial Velocity
4487,4487,13,2022,Radial Velocity
4488,4488,13,2022,Radial Velocity
4489,4489,13,2000,Radial Velocity
4490,4490,13,2000,Radial Velocity
4491,4491,13,2022,Radial Velocity
4492,4492,13,2022,Radial Velocity
4493,4493,13,2022,Radial Velocity
4494,4494,14,2022,Transit
4495,4495,14,2022,Transit
4496,4496,7,2010,Radial Velocity
4497,4497,9,2007,Radial Velocity
4498,4498,13,2022,Radial Velocity
4499,4499,13,2022,Radial Velocity
4500,4500,23,2022,Microlensing
4501,4501,7,2008,Radial Velocity
4502,4502,13,2022,Radial Velocity
4503,4503,13,2022,Radial Velocity
4504,4504,13,2022,Radial Velocity
4505,4505,14,2022,Transit
4506,4506,21,2009,Radial Velocity
4507,4507,97,2009,Radial Velocity
4508,4508,13,2022,Radial Velocity
4509,4509,13,2022,Radial Velocity
4510,4510,13,2022,Radial Velocity
4511,4511,13,2022,Radial Velocity
4512,4512,13,2022,Radial Velocity
4513,4513,14,2022,Transit
4514,4514,1,2012,Radial Velocity
4515,4515,14,2023,Transit
4516,4516,8,2022,Microlensing
4517,4517,23,2022,Microlensing
4518,4518,14,2023,Transit
4519,4519,14,2023,Transit
4520,4520,23,2022,Microlensing
4521,4521,44,2020,Radial Velocity
4522,4522,14,2023,Transit
4523,4523,14,2023,Transit
4524,4524,23,2023,Microlensing
4525,4525,23,2023,Microlensing
4526,4526,13,2017,Transit
4527,4527,3,2016,Transit
4528,4528,14,2023,Transit
4529,4529,23,2023,Microlensing
4530,4530,23,2023,Microlensing
4531,4531,3,2022,Transit
4532,4532,14,2023,Transit
4533,4533,14,2023,Transit
4534,4534,14,2020,Transit
4535,4535,14,2023,Transit
4536,4536,4,2011,Transit
4537,4537,13,2022,Imaging
4538,4538,8,2022,Microlensing
4539,4539,8,2022,Microlensing
4540,4540,14,2023,Transit
4541,4541,23,2023,Microlensing
4542,4542,14,2023,Transit
4543,4543,14,2020,Transit
4544,4544,23,2022,Microlensing
4545,4545,23,2022,Microlensing
4546,4546,23,2023,Microlensing
4547,4547,8,2023,Microlensing
4548,4548,14,2023,Transit
4549,4549,3,2023,Transit
4550,4550,23,2021,Microlensing
4551,4551,23,2022,Microlensing
4552,4552,8,2022,Microlensing
4553,4553,14,2019,Transit
4554,4554,14,2020,Transit
4555,4555,8,2022,Microlensing
4556,4556,14,2023,Transit
4557,4557,14,2019,Transit
4558,4558,14,2022,Transit
4559,4559,8,2022,Microlensing
4560,4560,13,2023,Transit
4561,4561,14,2023,Transit
4562,4562,14,2022,Transit
4563,4563,14,2022,Transit
4564,4564,27,2019,Transit
4565,4565,7,2008,Radial Velocity
4566,4566,23,2022,Microlensing
4567,4567,49,2022,Transit
4568,4568,49,2022,Transit
4569,4569,49,2022,Transit
4570,4570,23,2022,Microlensing
4571,4571,14,2023,Transit
4572,4572,14,2022,Transit
4573,4573,14,2023,Transit
4574,4574,23,2022,Microlensing
4575,4575,39,2023,Imaging
4576,4576,23,2022,Microlensing
4577,4577,26,2022,Microlensing
4578,4578,14,2023,Transit
4579,4579,8,2022,Microlensing
4580,4580,13,2022,Radial Velocity
4581,4581,8,2020,Microlensing
4582,4582,3,2015,Transit
4583,4583,3,2015,Transit
4584,4584,7,2016,Radial Velocity
4585,4585,7,2011,Radial Velocity
4586,4586,11,2016,Radial Velocity
4587,4587,4,2014,Transit
4588,4588,4,2011,Transit
4589,4589,23,2023,Microlensing
4590,4590,14,2022,Transit
4591,4591,13,2022,Radial Velocity
4592,4592,4,2014,Transit
4593,4593,3,2023,Transit
4594,4594,14,2022,Transit
4595,4595,7,2023,Radial Velocity
4596,4596,7,2023,Radial Velocity
4597,4597,4,2013,Transit
4598,4598,26,2023,Microlensing
4599,4599,14,2023,Transit
4600,4600,63,2023,Imaging
4601,4601,7,2023,Radial Velocity
4602,4602,4,2014,Transit
4603,4603,14,2023,Transit
4604,4604,14,2023,Transit
4605,4605,14,2023,Transit
4606,4606,11,2004,Radial Velocity
4607,4607,4,2015,Transit
4608,4608,4,2014,Transit
4609,4609,14,2020,Transit
4610,4610,13,2023,Radial Velocity
4611,4611,14,2023,Transit
4612,4612,14,2023,Transit
4613,4613,3,2016,Transit
4614,4614,3,2016,Transit
4615,4615,4,2016,Transit
4616,4616,14,2020,Transit
4617,4617,14,2023,Transit
4618,4618,3,2017,Transit
4619,4619,13,2022,Radial Velocity
4620,4620,14,2023,Transit
4621,4621,13,2023,Radial Velocity
4622,4622,14,2021,Transit
4623,4623,14,2023,Transit
4624,4624,14,2023,Transit
4625,4625,14,2023,Transit
4626,4626,14,2023,Transit
4627,4627,4,2012,Transit
4628,4628,4,2013,Transit
4629,4629,110,2023,Imaging
4630,4630,23,2022,Microlensing
4631,4631,45,2023,Radial Velocity
4632,4632,14,2023,Transit
4633,4633,3,2015,Transit
4634,4634,23,2022,Microlensing
4635,4635,11,2009,Radial Velocity
4636,4636,45,2023,Radial Velocity
4637,4637,91,2023,Imaging
4638,4638,3,2023,Microlensing
4639,4639,11,2006,Radial Velocity
4640,4640,11,2014,Radial Velocity
4641,4641,4,2013,Transit
4642,4642,4,2014,Transit
4643,4643,14,2023,Transit
4644,4644,13,2022,Radial Velocity
4645,4645,7,2023,Radial Velocity
4646,4646,23,2023,Microlensing
4647,4647,5,2012,Transit
4648,4648,28,2023,Radial Velocity
4649,4649,7,2023,Radial Velocity
4650,4650,7,2023,Radial Velocity
4651,4651,28,2023,Radial Velocity
4652,4652,1,2008,Radial Velocity
4653,4653,4,2014,Transit
4654,4654,14,2023,Transit
4655,4655,23,2023,Microlensing
4656,4656,14,2023,Transit
4657,4657,7,2007,Radial Velocity
4658,4658,7,2009,Radial Velocity
4659,4659,4,2014,Transit
4660,4660,3,2015,Transit
4661,4661,4,2014,Transit
4662,4662,4,2014,Transit
4663,4663,25,2023,Radial Velocity
4664,4664,25,2023,Radial Velocity
4665,4665,13,2024,Imaging
4666,4666,4,2014,Transit
4667,4667,30,2012,Radial Velocity
4668,4668,30,2012,Radial Velocity
4669,4669,14,2022,Transit
4670,4670,13,2024,Radial Velocity
4671,4671,14,2024,Transit
4672,4672,13,2012,Radial Velocity
4673,4673,13,2012,Radial Velocity
4674,4674,30,2013,Radial Velocity
4675,4675,14,2023,Transit
4676,4676,14,2024,Transit
4677,4677,14,2023,Transit
4678,4678,23,2024,Microlensing
4679,4679,30,2013,Radial Velocity
4680,4680,14,2023,Transit
4681,4681,14,2023,Transit
4682,4682,14,2023,Transit
4683,4683,14,2023,Transit
4684,4684,14,2024,Transit
4685,4685,30,2018,Radial Velocity
4686,4686,23,2023,Microlensing
4687,4687,8,2023,Microlensing
4688,4688,30,2016,Radial Velocity
4689,4689,30,2016,Radial Velocity
4690,4690,11,2023,Radial Velocity
4691,4691,14,2024,Transit
4692,4692,13,2024,Radial Velocity
4693,4693,27,2013,Transit
4694,4694,14,2023,Transit
4695,4695,13,2024,Radial Velocity
4696,4696,13,2024,Radial Velocity
4697,4697,13,2024,Radial Velocity
4698,4698,32,2024,Imaging
4699,4699,32,2024,Imaging
4700,4700,13,2023,Transit Timing Variations
4701,4701,32,2023,Astrometry
4702,4702,2,2010,Transit
4703,4703,4,2016,Transit
4704,4704,14,2023,Transit
4705,4705,14,2023,Transit
4706,4706,4,2016,Transit
4707,4707,37,2015,Transit
4708,4708,4,2016,Transit
4709,4709,4,2014,Transit
4710,4710,30,2008,Radial Velocity
4711,4711,30,2008,Radial Velocity
4712,4712,44,2023,Radial Velocity
4713,4713,23,2023,Microlensing
4714,4714,4,2016,Transit
4715,4715,30,2008,Radial Velocity
4716,4716,97,2006,Radial Velocity
4717,4717,14,2023,Transit
4718,4718,13,2024,Radial Velocity
4719,4719,14,2024,Transit
4720,4720,14,2024,Transit
4721,4721,111,2024,Pulsar Timing
4722,4722,51,2010,Radial Velocity
4723,4723,21,2007,Radial Velocity
4724,4724,14,2021,Transit
4725,4725,112,2008,Radial Velocity
4726,4726,97,2009,Radial Velocity
4727,4727,113,2024,Radial Velocity
4728,4728,30,2007,Radial Velocity
4729,4729,21,2007,Radial Velocity
4730,4730,23,2023,Microlensing
4731,4731,14,2024,Transit
4732,4732,112,2007,Radial Velocity
4733,4733,30,2012,Radial Velocity
4734,4734,14,2023,Transit
4735,4735,23,2024,Microlensing
4736,4736,13,2017,Radial Velocity
4737,4737,30,2012,Radial Velocity
4738,4738,113,2023,Radial Velocity
4739,4739,14,2024,Transit
4740,4740,4,2014,Transit
4741,4741,14,2024,Transit
4742,4742,14,2022,Transit
4743,4743,14,2024,Transit
4744,4744,4,2012,Transit
4745,4745,14,2024,Transit
4746,4746,14,2024,Transit
4747,4747,14,2024,Transit
4748,4748,14,2024,Transit
4749,4749,8,2024,Microlensing
4750,4750,4,2013,Transit
4751,4751,14,2024,Transit
4752,4752,14,2024,Transit
4753,4753,14,2024,Transit
4754,4754,4,2014,Transit
4755,4755,14,2021,Transit
4756,4756,14,2021,Transit
4757,4757,14,2023,Transit
4758,4758,14,2024,Transit
4759,4759,14,2024,Transit
4760,4760,14,2021,Transit
4761,4761,14,2024,Transit
4762,4762,3,2024,Transit
4763,4763,14,2023,Transit
4764,4764,14,2021,Transit
4765,4765,14,2024,Transit
4766,4766,4,2024,Transit
4767,4767,8,2024,Microlensing
4768,4768,14,2024,Transit
4769,4769,13,2021,Radial Velocity
4770,4770,14,2024,Transit
4771,4771,32,2024,Imaging
4772,4772,14,2024,Transit
4773,4773,14,2022,Transit
4774,4774,14,2021,Transit
4775,4775,14,2024,Transit
4776,4776,32,2024,Imaging
4777,4777,32,2024,Imaging
4778,4778,59,2024,Transit
4779,4779,23,2024,Microlensing
4780,4780,14,2024,Transit
4781,4781,14,2022,Transit
4782,4782,14,2024,Transit
4783,4783,114,2024,Radial Velocity
4784,4784,28,2024,Radial Velocity
4785,4785,14,2022,Transit
4786,4786,14,2022,Transit
4787,4787,14,2024,Transit
4788,4788,28,2024,Radial Velocity
4789,4789,28,2024,Radial Velocity
4790,4790,14,2023,Transit
4791,4791,14,2023,Transit
4792,4792,11,2023,Radial Velocity
4793,4793,8,2024,Microlensing
4794,4794,14,2024,Transit
4795,4795,14,2024,Transit
4796,4796,11,2024,Radial Velocity
4797,4797,14,2024,Transit
4798,4798,13,2024,Imaging
4799,4799,48,2024,Transit
4800,4800,14,2024,Transit
4801,4801,14,2024,Transit
4802,4802,14,2023,Transit
4803,4803,14,2023,Transit
4804,4804,3,2024,Transit
4805,4805,14,2024,Transit
4806,4806,14,2024,Transit
4807,4807,14,2024,Transit
4808,4808,14,2020,Transit
4809,4809,78,2006,Transit
4810,4810,4,2011,Transit
4811,4811,4,2012,Transit
4812,4812,14,2024,Transit
4813,4813,14,2024,Transit
4814,4814,13,2024,Radial Velocity
4815,4815,24,2016,Transit
4816,4816,14,2021,Transit
4817,4817,3,2018,Transit
4818,4818,3,2018,Transit
4819,4819,14,2024,Transit
4820,4820,14,2022,Transit
4821,4821,7,2008,Radial Velocity
4822,4822,3,2018,Transit
4823,4823,3,2020,Transit
4824,4824,14,2024,Transit
4825,4825,7,2011,Radial Velocity
4826,4826,18,2009,Radial Velocity
4827,4827,4,2014,Transit
4828,4828,4,2014,Transit
4829,4829,3,2018,Transit
4830,4830,3,2018,Transit
4831,4831,4,2014,Transit
4832,4832,56,2019,Transit
4833,4833,14,2024,Transit
4834,4834,3,2016,Transit
4835,4835,3,2016,Transit
4836,4836,14,2024,Transit
4837,4837,14,2024,Transit
4838,4838,3,2016,Transit
4839,4839,3,2018,Transit
4840,4840,7,2024,Radial Velocity
4841,4841,3,2016,Transit
4842,4842,3,2018,Transit
4843,4843,4,2013,Transit
4844,4844,14,2024,Transit
4845,4845,3,2016,Transit
4846,4846,3,2017,Transit
4847,4847,14,2024,Transit
4848,4848,4,2014,Transit
4849,4849,20,2024,Radial Velocity
4850,4850,14,2024,Transit
4851,4851,13,2024,Radial Velocity
4852,4852,26,2009,Microlensing
4853,4853,3,2017,Transit
4854,4854,3,2018,Transit
4855,4855,14,2024,Transit
4856,4856,14,2024,Transit
4857,4857,13,2025,Radial Velocity
4858,4858,23,2024,Microlensing
4859,4859,14,2024,Transit
4860,4860,13,2024,Radial Velocity
4861,4861,14,2024,Transit
4862,4862,14,2024,Transit
4863,4863,14,2024,Transit
4864,4864,14,2024,Transit
4865,4865,14,2024,Transit
4866,4866,8,2024,Microlensing
4867,4867,14,2024,Transit
4868,4868,14,2024,Transit
4869,4869,14,2023,Transit
4870,4870,14,2024,Transit
4871,4871,14,2024,Transit
4872,4872,14,2024,Transit
4873,4873,14,2021,Transit
4874,4874,23,2024,Microlensing
4875,4875,3,2018,Transit
4876,4876,14,2024,Transit
4877,4877,14,2024,Transit
4878,4878,14,2024,Transit
4879,4879,14,2024,Transit
4880,4880,14,2025,Transit
4881,4881,3,2018,Transit
4882,4882,14,2024,Transit
4883,4883,14,2025,Transit
4884,4884,3,2014,Transit
4885,4885,14,2024,Transit
4886,4886,3,2018,Transit
4887,4887,14,2024,Transit
4888,4888,13,2025,Radial Velocity
4889,4889,14,2024,Transit
4890,4890,3,2015,Transit
4891,4891,13,2024,Radial Velocity
4892,4892,14,2025,Transit
4893,4893,14,2025,Transit
4894,4894,14,2025,Transit
4895,4895,14,2025,Transit
4896,4896,14,2025,Transit
4897,4897,14,2025,Transit
4898,4898,14,2023,Transit
4899,4899,8,2025,Microlensing
4900,4900,14,2025,Transit
4901,4901,13,2025,Microlensing
4902,4902,4,2011,Transit
4903,4903,14,2025,Transit
4904,4904,14,2025,Transit
4905,4905,13,2025,Transit Timing Variations
4906,4906,14,2023,Transit
4907,4907,28,2016,Radial Velocity
4908,4908,14,2025,Transit
4909,4909,28,2016,Radial Velocity
4910,4910,14,2021,Transit
4911,4911,34,2025,Radial Velocity
4912,4912,7,2025,Radial Velocity
4913,4913,7,2025,Radial Velocity
4914,4914,115,2025,Radial Velocity
4915,4915,116,2016,Radial Velocity
4916,4916,117,2006,Imaging
4917,4917,14,2025,Transit
4918,4918,14,2022,Transit
4919,4919,14,2022,Transit
4920,4920,4,2013,Transit
4921,4921,14,2025,Transit
4922,4922,14,2025,Transit
4923,4923,14,2025,Transit
4924,4924,14,2025,Transit
4925,4925,14,2021,Transit
4926,4926,13,2015,Radial Velocity
4927,4927,13,2015,Radial Velocity
4928,4928,14,2025,Transit
4929,4929,9,2025,Radial Velocity
4930,4930,9,2025,Radial Velocity
4931,4931,14,2025,Transit
4932,4932,14,2025,Transit
4933,4933,14,2025,Transit
4934,4934,54,2025,Transit
4935,4935,9,2025,Radial Velocity
4936,4936,9,2025,Radial Velocity
4937,4937,14,2025,Transit
4938,4938,32,2025,Astrometry
4939,4939,54,2025,Transit
4940,4940,54,2025,Transit
4941,4941,14,2025,Transit
4942,4942,14,2025,Transit
4943,4943,14,2019,Transit
4944,4944,54,2025,Transit
4945,4945,54,2025,Transit
4946,4946,14,2025,Transit
4947,4947,14,2025,Transit
4948,4948,14,2025,Transit
4949,4949,61,2025,Radial Velocity
4950,4950,14,2018,Transit
4951,4951,14,2025,Transit
4952,4952,14,2025,Transit
4953,4953,4,2025,Transit
4954,4954,23,2025,Microlensing
4955,4955,14,2025,Transit
4956,4956,7,2007,Radial Velocity
4957,4957,44,2025,Radial Velocity
4958,4958,44,2025,Radial Velocity
4959,4959,14,2025,Transit
4960,4960,23,2025,Microlensing
4961,4961,44,2025,Radial Velocity
4962,4962,13,2020,Radial Velocity
4963,4963,7,2025,Radial Velocity
4964,4964,7,2025,Radial Velocity
4965,4965,49,2025,Transit
4966,4966,63,2025,Imaging
4967,4967,63,2023,Imaging
4968,4968,14,2024,Transit
4969,4969,14,2021,Transit
4970,4970,26,2025,Microlensing
4971,4971,7,2025,Radial Velocity
4972,4972,14,2021,Transit
4973,4973,23,2025,Microlensing
4974,4974,23,2025,Microlensing
4975,4975,14,2024,Transit
4976,4976,118,2021,Transit
4977,4977,3,2018,Transit
4978,4978,3,2018,Transit
4979,4979,20,2025,Radial Velocity
4980,4980,119,2018,Imaging
4981,4981,5,2007,Transit
4982,4982,4,2014,Transit
4983,4983,11,2020,Radial Velocity
4984,4984,14,2025,Transit
4985,4985,25,2025,Radial Velocity
4986,4986,14,2025,Transit
4987,4987,4,2014,Transit
4988,4988,14,2025,Transit
4989,4989,120,2025,Radial Velocity
4990,4990,3,2025,Transit
4991,4991,28,2025,Radial Velocity
4992,4992,14,2025,Transit
4993,4993,3,2018,Transit
4994,4994,38,2015,Imaging
4995,4995,14,2021,Transit
4996,4996,14,2025,Transit
4997,4997,23,2025,Microlensing
4998,4998,63,2025,Imaging
4999,4999,3,2015,Transit
5000,5000,7,2025,Radial Velocity
5001,5001,7,2025,Radial Velocity
5002,5002,13,2025,Radial Velocity
5003,5003,13,2025,Radial Velocity
5004,5004,14,2021,Transit
5005,5005,8,2018,Microlensing
5006,5006,41,2023,Radial Velocity
5007,5007,14,2024,Transit
5008,5008,3,2016,Transit
5009,5009,3,2016,Transit
5010,5010,3,2016,Transit
5011,5011,14,2025,Transit
5012,5012,14,2025,Transit
5013,5013,41,2023,Radial Velocity
5014,5014,14,2025,Transit
5015,5015,3,2016,Transit
5016,5016,3,2016,Transit
5017,5017,14,2025,Transit
5018,5018,14,2025,Transit
5019,5019,14,2025,Transit
5020,5020,3,2016,Transit
5021,5021,14,2024,Transit
5022,5022,14,2025,Transit
5023,5023,14,2025,Transit
5024,5024,3,2017,Transit
5025,5025,14,2025,Transit
5026,5026,14,2025,Transit
5027,5027,4,2013,Transit
5028,5028,14,2020,Transit
5029,5029,51,2007,Radial Velocity
5030,5030,14,2025,Transit
5031,5031,3,2018,Transit
5032,5032,23,2025,Microlensing
5033,5033,23,2025,Microlensing
5034,5034,11,2007,Radial Velocity
5035,5035,14,2025,Transit
5036,5036,14,2026,Transit
5037,5037,35,2026,Transit
5038,5038,5,2016,Transit
5039,5039,24,2016,Transit
5040,5040,13,2026,Radial Velocity
5041,5041,14,2021,Transit
5042,5042,13,2017,Radial Velocity
5043,5043,39,2026,Imaging
5044,5044,63,2018,Imaging
5045,5045,13,2026,Radial Velocity
5046,5046,14,2026,Transit
5047,5047,14,2023,Transit
5048,5048,121,2019,Imaging
5049,5049,13,2025,Imaging
5050,5050,14,2025,Transit
5051,5051,1,2004,Radial Velocity
5052,5052,7,2008,Radial Velocity
5053,5053,14,2024,Transit
5054,5054,14,2025,Transit
5055,5055,7,2008,Radial Velocity
5056,5056,7,2008,Radial Velocity
5057,5057,7,2019,Radial Velocity
5058,5058,122,2026,Radial Velocity
5059,5059,14,2025,Transit
5060,5060,14,2026,Transit
5061,5061,13,2020,Radial Velocity
5062,5062,7,2019,Radial Velocity
5063,5063,25,2019,Radial Velocity
5064,5064,3,2016,Transit
5065,5065,14,2025,Transit
5066,5066,14,2025,Transit
5067,5067,14,2025,Transit
5068,5068,7,2021,Radial Velocity
5069,5069,7,2019,Radial Velocity
5070,5070,14,2026,Transit
5071,5071,14,2025,Transit
5072,5072,14,2026,Transit
5073,5073,14,2026,Transit
5074,5074,9,2001,Radial Velocity
5075,5075,40,2007,Transit
5076,5076,13,2026,Radial Velocity
5077,5077,14,2025,Transit
5078,5078,14,2026,Transit
5079,5079,14,2026,Transit
5080,5080,13,2026,Radial Velocity
5081,5081,13,2022,Radial Velocity
5082,5082,23,2026,Microlensing
5083,5083,23,2026,Microlensing
5084,5084,33,2020,Radial Velocity
5085,5085,23,2026,Microlensing
5086,5086,14,2026,Transit
5087,5087,14,2026,Transit
5088,5088,14,2026,Transit
5089,5089,23,2026,Microlensing
5090,5090,14,2022,Transit
5091,5091,14,2024,Transit
5092,5092,23,2026,Microlensing
5093,5093,33,2026,Radial Velocity
5094,5094,33,2026,Radial Velocity
5095,5095,14,2022,Transit
5096,5096,23,2021,Microlensing
5097,5097,14,2026,Transit
5098,5098,11,2006,Radial Velocity
5099,5099,21,1998,Radial Velocity
5100,5100,14,2024,Transit
5101,5101,14,2025,Transit
5102,5102,18,2009,Radial Velocity
5103,5103,33,2026,Radial Velocity
5104,5104,106,2026,Imaging
5105,5105,13,2021,Transit
5106,5106,61,2026,Radial Velocity
5107,5107,14,2026,Transit
5108,5108,14,2026,Transit
5109,5109,14,2026,Transit
5110,5110,14,2023,Transit
5111,5111,14,2026,Transit
5112,5112,72,2025,Imaging
5113,5113,14,2019,Transit
5114,5114,4,2026,Transit
5115,5115,14,2026,Transit
5116,5116,14,2026,Transit
5117,5117,14,2023,Transit
5118,5118,14,2026,Transit
5119,5119,14,2026,Transit
5120,5120,14,2026,Transit
5121,5121,7,2026,Radial Velocity
5122,5122,14,2026,Transit
5123,5123,14,2026,Transit
5124,5124,14,2026,Transit
5125,5125,14,2026,Transit
5126,5126,14,2026,Transit
5127,5127,14,2026,Transit
5128,5128,14,2026,Transit
5129,5129,14,2026,Transit
5130,5130,14,2026,Transit
5131,5131,14,2026,Transit
5132,5132,14,2026,Transit
5133,5133,14,2026,Transit
5134,5134,3,2015,Transit
5135,5135,14,2026,Transit
5136,5136,14,2026,Transit
5137,5137,14,2026,Transit
5138,5138,14,2026,Transit
5139,5139,14,2026,Transit
5140,5140,14,2026,Transit
5141,5141,14,2026,Transit
5142,5142,14,2026,Transit
5143,5143,14,2026,Transit
5144,5144,14,2026,Transit
5145,5145,14,2026,Transit Timing Variations
5146,5146,14,2026,Transit
5147,5147,14,2026,Transit
5148,5148,14,2026,Transit
5149,5149,14,2026,Transit
5150,5150,14,2026,Transit
5151,5151,14,2023,Transit
5152,5152,23,2026,Microlensing
5153,5153,13,2003,Radial Velocity
5154,5154,7,2011,Radial Velocity
5155,5155,5,2014,Transit
5156,5156,5,2015,Transit
5157,5157,27,2016,Transit
5158,5158,14,2024,Transit
5159,5159,14,2024,Transit
5160,5160,14,2024,Transit
5161,5161,23,2026,Microlensing
5162,5162,14,2026,Transit
5163,5163,14,2026,Transit
5164,5164,14,2023,Transit
5165,5165,14,2026,Transit
5166,5166,14,2026,Transit
5167,5167,14,2026,Transit
5168,5168,14,2026,Transit
5169,5169,14,2026,Transit
5170,5170,3,2016,Transit
5171,5171,3,2016,Transit
5172,5172,14,2026,Transit
5173,5173,14,2026,Transit
5174,5174,13,2020,Radial Velocity
5175,5175,14,2026,Transit
5176,5176,14,2026,Transit
5177,5177,123,2023,Radial Velocity
5178,5178,26,2008,Microlensing
5179,5179,3,2016,Transit
5180,5180,3,2017,Transit
5181,5181,14,2026,Transit
5182,5182,7,2010,Radial Velocity
5183,5183,4,2012,Transit
5184,5184,4,2012,Transit
5185,5185,25,2009,Radial Velocity
5186,5186,14,2026,Transit
5187,5187,14,2026,Transit
5188,5188,14,2024,Transit
5189,5189,14,2026,Transit
5190,5190,13,2000,Radial Velocity
5191,5191,14,2026,Transit
5192,5192,12,2003,Radial Velocity
5193,5193,11,2005,Radial Velocity
5194,5194,25,2026,Radial Velocity
5195,5195,14,2026,Transit
5196,5196,14,2026,Transit
5197,5197,25,2026,Radial Velocity
5198,5198,14,2026,Transit
5199,5199,14,2026,Transit
5200,5200,14,2026,Transit
5201,5201,14,2026,Transit
5202,5202,14,2026,Transit
5203,5203,124,2021,Imaging
5204,5204,13,2016,Radial Velocity
5205,5205,14,2022,Transit
5206,5206,3,2022,Transit
5207,5207,25,2026,Radial Velocity
5208,5208,14,2025,Transit Timing Variations
5209,5209,23,2026,Microlensing
5210,5210,13,2024,Radial Velocity
5211,5211,53,2026,Transit
5212,5212,19,2008,Imaging
5213,5213,7,2019,Radial Velocity
5214,5214,125,2026,Imaging
5215,5215,4,2016,Transit
5216,5216,4,2016,Transit
5217,5217,14,2026,Transit
5218,5218,14,2026,Transit
5219,5219,14,2026,Transit
5220,5220,4,2016,Transit
5221,5221,4,2021,Transit
5222,5222,4,2014,Transit
5223,5223,4,2016,Transit
5224,5224,4,2021,Transit
5225,5225,9,2002,Radial Velocity
5226,5226,4,2016,Transit
5227,5227,4,2021,Transit
5228,5228,4,2016,Transit
5229,5229,4,2016,Transit
5230,5230,4,2016,Transit
5231,5231,7,2009,Radial Velocity
5232,5232,4,2011,Transit
5233,5233,3,2018,Transit
5234,5234,4,2014,Transit
5235,5235,3,2018,Transit
5236,5236,4,2014,Transit
5237,5237,4,2014,Transit
5238,5238,3,2018,Transit
5239,5239,4,2016,Transit
5240,5240,4,2012,Transit
5241,5241,3,2018,Transit
5242,5242,3,2018,Transit
5243,5243,3,2018,Transit
5244,5244,3,2018,Transit
5245,5245,3,2018,Transit
5246,5246,3,2018,Transit
5247,5247,3,2022,Transit
5248,5248,4,2014,Transit
5249,5249,3,2018,Transit
5250,5250,3,2018,Transit
5251,5251,4,2016,Transit
5252,5252,4,2014,Transit
5253,5253,4,2014,Transit
5254,5254,3,2018,Transit
5255,5255,4,2021,Transit
5256,5256,11,2002,Radial Velocity
5257,5257,13,1996,Radial Velocity
5258,5258,3,2022,Transit
5259,5259,4,2014,Transit
5260,5260,65,2008,Imaging
5261,5261,17,2008,Transit
5262,5262,3,2018,Transit
5263,5263,3,2022,Transit
5264,5264,21,2010,Radial Velocity
5265,5265,17,2009,Transit
5266,5266,3,2018,Transit
5267,5267,3,2018,Transit
5268,5268,19,2004,Imaging
5269,5269,17,2009,Radial Velocity
5270,5270,30,2006,Radial Velocity
5271,5271,45,2009,Radial Velocity
5272,5272,3,2018,Transit
5273,5273,4,2016,Transit
5274,5274,17,2009,Transit
5275,5275,3,2021,Transit
5276,5276,12,1995,Radial Velocity
5277,5277,3,2021,Transit
5278,5278,3,2021,Transit
5279,5279,3,2021,Transit
5280,5280,3,2022,Transit
5281,5281,13,2009,Radial Velocity
5282,5282,3,2018,Transit
5283,5283,3,2021,Transit
5284,5284,3,2021,Transit
5285,5285,4,2014,Transit
5286,5286,3,2022,Transit
5287,5287,3,2022,Transit
5288,5288,3,2021,Transit
5289,5289,3,2022,Transit
5290,5290,30,2008,Radial Velocity
5291,5291,3,2021,Transit
5292,5292,3,2022,Transit
5293,5293,41,2009,Radial Velocity
5294,5294,3,2018,Transit
5295,5295,4,2021,Transit
5296,5296,3,2018,Transit
5297,5297,4,2010,Transit
5298,5298,3,2018,Transit
5299,5299,4,2016,Transit
5300,5300,3,2018,Transit
5301,5301,4,2014,Transit
5302,5302,4,2014,Transit
5303,5303,3,2022,Transit
5304,5304,17,2011,Transit
5305,5305,4,2016,Transit
5306,5306,7,2010,Radial Velocity
5307,5307,4,2014,Transit
5308,5308,9,2003,Radial Velocity
5309,5309,11,2009,Radial Velocity
5310,5310,7,2010,Radial Velocity
5311,5311,2,2011,Transit
5312,5312,11,2007,Radial Velocity
5313,5313,11,2008,Radial Velocity
5314,5314,7,2009,Radial Velocity
5315,5315,2,2011,Transit
5316,5316,11,2011,Radial Velocity
5317,5317,11,2011,Radial Velocity
5318,5318,13,1998,Radial Velocity
5319,5319,12,2005,Radial Velocity
5320,5320,1,2001,Radial Velocity
5321,5321,11,2005,Radial Velocity
5322,5322,7,2011,Radial Velocity
5323,5323,19,2004,Imaging
5324,5324,11,2010,Radial Velocity
5325,5325,45,2011,Radial Velocity
5326,5326,4,2016,Transit
5327,5327,7,2010,Radial Velocity
5328,5328,11,2009,Radial Velocity
5329,5329,7,2010,Radial Velocity
5330,5330,13,2000,Radial Velocity
5331,5331,2,2010,Transit
5332,5332,2,2010,Transit
5333,5333,4,2016,Transit
5334,5334,4,2014,Transit
5335,5335,30,2003,Radial Velocity
5336,5336,7,2011,Radial Velocity
5337,5337,97,2005,Radial Velocity
5338,5338,21,2002,Radial Velocity
5339,5339,12,2007,Radial Velocity
5340,5340,11,2005,Radial Velocity
5341,5341,11,2006,Radial Velocity
5342,5342,7,2019,Radial Velocity
5343,5343,2,2010,Transit
5344,5344,7,2018,Radial Velocity
5345,5345,11,2002,Radial Velocity
5346,5346,1,2006,Radial Velocity
5347,5347,1,2006,Radial Velocity
5348,5348,1,2002,Radial Velocity
5349,5349,11,2008,Radial Velocity
5350,5350,9,2003,Radial Velocity
5351,5351,11,2011,Radial Velocity
5352,5352,7,2019,Radial Velocity
5353,5353,9,2002,Radial Velocity
5354,5354,7,2007,Radial Velocity
5355,5355,7,2009,Radial Velocity
5356,5356,9,1999,Radial Velocity
5357,5357,7,2011,Radial Velocity
5358,5358,21,2005,Radial Velocity
5359,5359,9,2003,Radial Velocity
5360,5360,11,2012,Radial Velocity
5361,5361,7,2011,Radial Velocity
5362,5362,11,2001,Radial Velocity
5363,5363,11,2005,Radial Velocity
5364,5364,74,2012,Radial Velocity
5365,5365,7,2005,Radial Velocity
5366,5366,4,2014,Transit
5367,5367,11,2009,Radial Velocity
5368,5368,9,2002,Radial Velocity
5369,5369,7,2009,Radial Velocity
5370,5370,41,2007,Radial Velocity
5371,5371,7,2005,Radial Velocity
5372,5372,7,2010,Radial Velocity
5373,5373,21,2009,Radial Velocity
5374,5374,7,2007,Radial Velocity
5375,5375,122,2015,Radial Velocity
5376,5376,1,2002,Radial Velocity
5377,5377,7,2009,Radial Velocity
5378,5378,11,2011,Radial Velocity
5379,5379,11,1999,Radial Velocity
5380,5380,7,2011,Radial Velocity
5381,5381,11,2010,Radial Velocity
5382,5382,11,2001,Radial Velocity
5383,5383,41,2007,Radial Velocity
5384,5384,1,2004,Radial Velocity
5385,5385,41,2007,Radial Velocity
5386,5386,21,2007,Radial Velocity
5387,5387,13,2003,Radial Velocity
5388,5388,11,2010,Radial Velocity
5389,5389,7,2009,Radial Velocity
5390,5390,11,2004,Radial Velocity
5391,5391,7,2005,Radial Velocity
5392,5392,21,2009,Radial Velocity
5393,5393,101,1997,Radial Velocity
5394,5394,11,2005,Radial Velocity
5395,5395,7,2005,Radial Velocity
5396,5396,7,2006,Radial Velocity
5397,5397,6,2007,Transit
5398,5398,5,2011,Transit
5399,5399,7,2006,Radial Velocity
5400,5400,41,2011,Radial Velocity
5401,5401,126,2007,Radial Velocity
5402,5402,11,2010,Radial Velocity
5403,5403,13,2007,Pulsation Timing Variations
5404,5404,5,2010,Transit
5405,5405,5,2008,Transit
5406,5406,40,2007,Transit
5407,5407,12,2003,Radial Velocity
5408,5408,11,2011,Radial Velocity
5409,5409,7,2010,Radial Velocity
5410,5410,7,2019,Radial Velocity
5411,5411,5,2009,Transit
5412,5412,7,2008,Radial Velocity
5413,5413,11,2007,Radial Velocity
5414,5414,11,2008,Radial Velocity
5415,5415,4,2016,Transit
5416,5416,74,2011,Radial Velocity
5417,5417,18,2008,Radial Velocity
5418,5418,11,2002,Radial Velocity
5419,5419,11,2011,Radial Velocity
5420,5420,11,2000,Radial Velocity
5421,5421,39,2010,Imaging
5422,5422,11,2011,Radial Velocity
5423,5423,7,2011,Radial Velocity
5424,5424,30,2007,Radial Velocity
5425,5425,5,2011,Transit
5426,5426,14,2023,Transit
5427,5427,14,2023,Transit
5428,5428,41,2012,Radial Velocity
5429,5429,60,2011,Imaging
5430,5430,5,2014,Transit
5431,5431,11,2015,Radial Velocity
5432,5432,3,2017,Transit
5433,5433,27,2017,Transit
5434,5434,4,2014,Transit
5435,5435,14,2025,Transit
5436,5436,4,2013,Transit
5437,5437,9,2000,Radial Velocity
5438,5438,21,2007,Radial Velocity
5439,5439,88,2012,Radial Velocity
5440,5440,27,2013,Transit
5441,5441,1,2015,Radial Velocity
5442,5442,27,2016,Transit
5443,5443,3,2017,Transit
5444,5444,30,2018,Radial Velocity
5445,5445,14,2024,Transit
5446,5446,4,2013,Transit
5447,5447,14,2024,Transit
5448,5448,4,2014,Transit
5449,5449,21,1998,Radial Velocity
5450,5450,7,2013,Radial Velocity
5451,5451,17,2013,Transit
5452,5452,7,2014,Radial Velocity
5453,5453,27,2018,Transit
5454,5454,4,2014,Transit
5455,5455,14,2024,Transit
5456,5456,14,2024,Transit
5457,5457,2,2012,Transit
5458,5458,30,2012,Radial Velocity
5459,5459,20,2013,Radial Velocity
5460,5460,7,2014,Radial Velocity
5461,5461,56,2017,Transit
5462,5462,13,2017,Radial Velocity
5463,5463,13,2017,Radial Velocity
5464,5464,127,2017,Transit
5465,5465,4,2014,Transit
5466,5466,14,2026,Transit
5467,5467,3,2018,Transit
5468,5468,1,2002,Radial Velocity
5469,5469,1,2001,Radial Velocity
5470,5470,41,2015,Radial Velocity
5471,5471,7,2017,Radial Velocity
5472,5472,3,2018,Transit
5473,5473,14,2024,Transit
5474,5474,14,2026,Transit
5475,5475,5,2012,Transit
5476,5476,20,2013,Radial Velocity
5477,5477,20,2013,Radial Velocity
5478,5478,20,2016,Radial Velocity
5479,5479,7,2017,Radial Velocity
5480,5480,3,2018,Transit
5481,5481,4,2016,Transit
5482,5482,14,2024,Transit
5483,5483,14,2026,Transit
5484,5484,3,2018,Transit
5485,5485,12,2005,Radial Velocity
5486,5486,5,2012,Transit
5487,5487,39,2013,Imaging
5488,5488,45,2014,Radial Velocity
5489,5489,41,2015,Radial Velocity
5490,5490,20,2016,Radial Velocity
5491,5491,20,2016,Radial Velocity
5492,5492,49,2017,Transit
5493,5493,3,2018,Transit
5494,5494,3,2018,Transit
5495,5495,11,2006,Radial Velocity
5496,5496,12,2008,Radial Velocity
5497,5497,5,2012,Transit
5498,5498,14,2022,Transit
5499,5499,128,2017,Imaging
5500,5500,3,2018,Transit
5501,5501,44,2018,Radial Velocity
5502,5502,14,2023,Transit
5503,5503,60,2008,Imaging
5504,5504,4,2011,Transit Timing Variations
5505,5505,11,2014,Radial Velocity
5506,5506,13,2016,Radial Velocity
5507,5507,3,2017,Transit
5508,5508,3,2018,Transit
5509,5509,3,2018,Transit
5510,5510,11,2018,Radial Velocity
5511,5511,14,2026,Transit
5512,5512,3,2018,Transit
5513,5513,3,2018,Transit
5514,5514,43,2013,Transit
5515,5515,11,2014,Radial Velocity
5516,5516,55,2016,Transit
5517,5517,13,2017,Radial Velocity
5518,5518,3,2018,Transit
5519,5519,3,2018,Transit
5520,5520,14,2022,Transit
5521,5521,14,2026,Transit
5522,5522,9,2012,Radial Velocity
5523,5523,7,2013,Radial Velocity
5524,5524,37,2015,Transit
5525,5525,13,2017,Radial Velocity
5526,5526,3,2018,Transit
5527,5527,11,2018,Radial Velocity
5528,5528,14,2024,Transit
5529,5529,3,2018,Transit
5530,5530,118,2013,Astrometry
5531,5531,13,2014,Radial Velocity
5532,5532,30,2014,Radial Velocity
5533,5533,3,2016,Transit
5534,5534,7,2017,Radial Velocity
5535,5535,4,2017,Transit
5536,5536,11,2018,Radial Velocity
5537,5537,5,2012,Transit
5538,5538,7,2013,Radial Velocity
5539,5539,5,2015,Transit
5540,5540,17,2018,Transit
5541,5541,14,2021,Transit
5542,5542,4,2016,Transit
5543,5543,23,2026,Microlensing
5544,5544,14,2024,Transit
5545,5545,3,2018,Transit
5546,5546,46,2013,Imaging
5547,5547,5,2014,Transit
5548,5548,129,2015,Radial Velocity
5549,5549,3,2017,Transit
5550,5550,28,2017,Radial Velocity
5551,5551,4,2018,Transit
5552,5552,14,2022,Transit
5553,5553,4,2016,Transit
5554,5554,5,2012,Transit
5555,5555,45,2012,Radial Velocity
5556,5556,42,2006,Imaging
5557,5557,5,2014,Transit
5558,5558,4,2014,Orbital Brightness Modulation
5559,5559,7,2015,Radial Velocity
5560,5560,3,2017,Transit
5561,5561,3,2017,Transit
5562,5562,44,2017,Radial Velocity
5563,5563,27,2018,Transit
5564,5564,24,2018,Transit
5565,5565,13,2022,Radial Velocity
5566,5566,14,2024,Transit
5567,5567,9,2002,Radial Velocity
5568,5568,78,2006,Imaging
5569,5569,4,2015,Transit
5570,5570,27,2017,Transit
5571,5571,3,2018,Transit
5572,5572,4,2016,Transit
5573,5573,14,2022,Transit
5574,5574,4,2014,Transit
5575,5575,13,2022,Radial Velocity
5576,5576,13,2024,Radial Velocity
5577,5577,4,2016,Transit
5578,5578,4,2016,Transit
5579,5579,14,2023,Transit
5580,5580,13,2022,Radial Velocity
5581,5581,14,2024,Transit
5582,5582,14,2025,Transit
5583,5583,4,2016,Transit
5584,5584,48,2025,Radial Velocity
5585,5585,14,2026,Transit
5586,5586,4,2016,Transit
5587,5587,13,2022,Radial Velocity
5588,5588,30,2022,Radial Velocity
5589,5589,14,2025,Transit
5590,5590,14,2026,Transit
5591,5591,14,2023,Transit
5592,5592,13,2017,Imaging
5593,5593,34,2024,Radial Velocity
5594,5594,48,2025,Radial Velocity
5595,5595,3,2025,Transit
5596,5596,14,2026,Transit
5597,5597,4,2016,Transit
5598,5598,4,2021,Transit
5599,5599,14,2024,Transit
5600,5600,13,2022,Radial Velocity
5601,5601,4,2016,Transit
5602,5602,4,2024,Transit
5603,5603,71,2025,Transit
5604,5604,14,2026,Transit
5605,5605,14,2026,Transit
5606,5606,4,2016,Transit
5607,5607,4,2016,Transit
5608,5608,4,2013,Transit
5609,5609,4,2016,Transit
5610,5610,14,2026,Transit
5611,5611,44,2023,Radial Velocity
5612,5612,14,2025,Transit
5613,5613,32,2024,Imaging
5614,5614,63,2025,Imaging
5615,5615,14,2026,Transit
5616,5616,14,2025,Transit
5617,5617,14,2024,Transit
5618,5618,13,2022,Radial Velocity
5619,5619,13,2022,Radial Velocity
5620,5620,38,2021,Imaging
5621,5621,13,2023,Radial Velocity
5622,5622,13,2023,Radial Velocity
5623,5623,32,2024,Imaging
5624,5624,4,2016,Transit
5625,5625,44,2025,Radial Velocity
5626,5626,13,2026,Radial Velocity
5627,5627,13,2026,Radial Velocity
5628,5628,14,2026,Transit
5629,5629,14,2026,Transit
5630,5630,13,2026,Radial Velocity
5631,5631,4,2016,Transit
5632,5632,4,2014,Transit
5633,5633,3,2022,Transit
5634,5634,63,2023,Imaging
5635,5635,14,2024,Transit
5636,5636,14,2024,Transit
5637,5637,14,2025,Transit
5638,5638,4,2014,Transit
5639,5639,13,2026,Radial Velocity
5640,5640,14,2026,Transit
5641,5641,4,2014,Transit
5642,5642,14,2022,Transit
5643,5643,4,2016,Transit
5644,5644,3,2022,Transit
5645,5645,14,2024,Transit
5646,5646,4,2014,Transit
5647,5647,34,2023,Radial Velocity
5648,5648,14,2023,Transit
5649,5649,4,2014,Transit
5650,5650,14,2026,Transit
5651,5651,4,2021,Transit
5652,5652,4,2016,Transit
5653,5653,4,2016,Transit
5654,5654,14,2026,Transit
5655,5655,14,2023,Transit
5656,5656,13,2024,Imaging
5657,5657,13,2025,Radial Velocity
5658,5658,13,2025,Transit Timing Variations
5659,5659,14,2026,Transit
5660,5660,14,2026,Transit
5661,5661,4,2013,Transit
5662,5662,13,2022,Radial Velocity
5663,5663,14,2023,Transit
5664,5664,4,2016,Transit
5665,5665,4,2014,Transit
5666,5666,7,2025,Radial Velocity
5667,5667,13,2026,Radial Velocity
5668,5668,4,2014,Transit
5669,5669,13,2022,Radial Velocity
5670,5670,4,2016,Transit
5671,5671,14,2024,Transit
5672,5672,4,2016,Transit
5673,5673,63,2017,Imaging
5674,5674,13,2024,Radial Velocity
5675,5675,34,2025,Radial Velocity
5676,5676,39,2026,Imaging
5677,5677,14,2026,Transit
5678,5678,20,2020,Radial Velocity
5679,5679,7,2023,Radial Velocity
5680,5680,14,2025,Transit
5681,5681,32,2025,Astrometry
5682,5682,13,2026,Radial Velocity
5683,5683,14,2026,Transit
5684,5684,4,2014,Transit
5685,5685,4,2016,Transit
5686,5686,14,2025,Transit
5687,5687,13,2022,Radial Velocity
5688,5688,13,2022,Radial Velocity
5689,5689,13,2022,Radial Velocity
5690,5690,4,2016,Transit
5691,5691,14,2026,Transit
5692,5692,11,2023,Radial Velocity
5693,5693,4,2013,Transit
5694,5694,14,2025,Transit
5695,5695,4,2014,Transit
5696,5696,4,2021,Transit
5697,5697,4,2016,Transit
5698,5698,14,2026,Transit
5699,5699,13,2022,Radial Velocity
5700,5700,14,2024,Transit
5701,5701,13,2023,Imaging
5702,5702,4,2021,Transit
5703,5703,7,2025,Radial Velocity
5704,5704,14,2024,Transit
5705,5705,4,2014,Transit
5706,5706,32,2026,Microlensing
5707,5707,28,2023,Radial Velocity
5708,5708,44,2023,Radial Velocity
5709,5709,14,2024,Transit Timing Variations
5710,5710,33,2026,Radial Velocity
5711,5711,33,2026,Radial Velocity
5712,5712,4,2016,Transit
5713,5713,14,2026,Transit
5714,5714,4,2013,Transit
5715,5715,4,2011,Transit
5716,5716,130,2016,Radial Velocity
5717,5717,13,2022,Radial Velocity
5718,5718,4,2014,Transit
5719,5719,4,2016,Transit
5720,5720,44,2023,Radial Velocity
5721,5721,4,2014,Transit
5722,5722,25,2026,Radial Velocity
5723,5723,4,2014,Transit
5724,5724,4,2014,Transit
5725,5725,4,2014,Transit
5726,5726,4,2014,Transit
5727,5727,4,2016,Transit
5728,5728,4,2016,Transit
5729,5729,4,2016,Transit
5730,5730,4,2021,Transit
5731,5731,4,2014,Transit
5732,5732,4,2014,Transit
5733,5733,4,2014,Transit
5734,5734,4,2014,Transit
5735,5735,4,2014,Transit
5736,5736,4,2014,Transit
5737,5737,4,2016,Transit
5738,5738,4,2014,Transit
5739,5739,4,2016,Transit
5740,5740,4,2021,Transit
5741,5741,4,2016,Transit
5742,5742,4,2014,Transit
5743,5743,4,2013,Transit
5744,5744,4,2023,Transit
5745,5745,4,2011,Transit
5746,5746,4,2023,Transit
5747,5747,4,2016,Transit
5748,5748,4,2016,Transit
5749,5749,4,2014,Transit
5750,5750,4,2014,Transit
5751,5751,4,2014,Transit
5752,5752,4,2014,Transit
5753,5753,4,2014,Transit
5754,5754,4,2014,Transit
5755,5755,4,2013,Transit
5756,5756,28,2015,Radial Velocity
5757,5757,4,2016,Transit
5758,5758,4,2014,Transit
5759,5759,4,2016,Transit
5760,5760,4,2016,Transit
5761,5761,4,2014,Transit
5762,5762,4,2014,Transit
5763,5763,4,2014,Transit
5764,5764,4,2020,Transit
5765,5765,4,2010,Transit
5766,5766,4,2013,Transit
5767,5767,4,2012,Transit
5768,5768,4,2016,Transit
5769,5769,4,2021,Transit
5770,5770,4,2021,Transit
5771,5771,4,2014,Transit
5772,5772,4,2014,Transit
5773,5773,4,2014,Transit
5774,5774,4,2014,Transit
5775,5775,13,2015,Radial Velocity
5776,5776,4,2012,Transit
5777,5777,4,2021,Transit
5778,5778,4,2021,Transit
5779,5779,4,2014,Transit
5780,5780,4,2014,Transit
5781,5781,4,2014,Transit
5782,5782,4,2014,Transit
5783,5783,4,2016,Transit
5784,5784,4,2021,Transit
5785,5785,4,2014,Transit
5786,5786,4,2016,Transit
5787,5787,4,2014,Transit
5788,5788,4,2021,Transit
5789,5789,4,2013,Transit
5790,5790,4,2023,Transit
5791,5791,4,2020,Transit
5792,5792,4,2012,Transit
5793,5793,4,2021,Transit
5794,5794,4,2016,Transit
5795,5795,4,2021,Transit
5796,5796,4,2016,Transit
5797,5797,4,2018,Transit
5798,5798,4,2014,Transit
5799,5799,4,2014,Transit
5800,5800,4,2014,Transit
5801,5801,4,2014,Transit
5802,5802,4,2014,Transit
5803,5803,4,2014,Transit
5804,5804,45,2015,Radial Velocity
5805,5805,4,2014,Transit
5806,5806,4,2014,Transit
5807,5807,4,2014,Transit
5808,5808,4,2014,Transit
5809,5809,45,2015,Radial Velocity
5810,5810,4,2016,Transit
5811,5811,4,2023,Transit
5812,5812,4,2021,Transit
5813,5813,4,2014,Transit
5814,5814,4,2020,Transit
5815,5815,4,2014,Transit
5816,5816,4,2014,Transit
5817,5817,4,2014,Transit
5818,5818,4,2023,Transit
5819,5819,4,2013,Transit
5820,5820,37,2015,Transit
5821,5821,4,2021,Transit
5822,5822,4,2014,Transit
5823,5823,4,2014,Transit
5824,5824,4,2016,Transit
5825,5825,4,2014,Transit
5826,5826,4,2014,Transit
5827,5827,4,2016,Transit
5828,5828,4,2013,Transit
5829,5829,4,2014,Transit
5830,5830,4,2016,Transit
5831,5831,4,2014,Transit
5832,5832,4,2014,Transit
5833,5833,4,2014,Transit
5834,5834,4,2016,Transit
5835,5835,4,2014,Transit
5836,5836,4,2016,Transit
5837,5837,4,2021,Transit
5838,5838,4,2016,Transit
5839,5839,4,2014,Transit
5840,5840,4,2013,Transit
5841,5841,4,2020,Transit
5842,5842,4,2016,Transit
5843,5843,4,2016,Transit
5844,5844,4,2016,Transit
5845,5845,4,2014,Transit
5846,5846,4,2013,Transit
5847,5847,4,2016,Transit
5848,5848,4,2016,Transit
5849,5849,4,2014,Transit
5850,5850,4,2014,Transit
5851,5851,4,2016,Transit
5852,5852,4,2014,Transit
5853,5853,4,2014,Transit
5854,5854,4,2021,Transit
5855,5855,4,2016,Transit
5856,5856,4,2016,Transit
5857,5857,4,2014,Transit
5858,5858,4,2014,Transit
5859,5859,4,2016,Transit
5860,5860,11,2020,Radial Velocity
5861,5861,4,2014,Transit
5862,5862,4,2014,Transit
5863,5863,4,2016,Transit
5864,5864,4,2016,Transit
5865,5865,4,2021,Transit
5866,5866,4,2014,Transit
5867,5867,4,2016,Transit
5868,5868,4,2014,Transit
5869,5869,56,2019,Transit
5870,5870,14,2020,Transit
5871,5871,27,2021,Transit
5872,5872,14,2022,Transit
5873,5873,14,2026,Transit
5874,5874,4,2021,Transit
5875,5875,14,2024,Transit
5876,5876,14,2024,Transit
5877,5877,4,2011,Transit
5878,5878,4,2016,Transit
5879,5879,14,2023,Transit
5880,5880,4,2021,Transit
5881,5881,4,2016,Transit
5882,5882,33,2019,Radial Velocity
5883,5883,44,2019,Radial Velocity
5884,5884,131,2021,Imaging
5885,5885,14,2022,Transit
5886,5886,7,2022,Radial Velocity
5887,5887,14,2024,Transit
5888,5888,14,2022,Transit
5889,5889,4,2016,Transit
5890,5890,33,2019,Radial Velocity
5891,5891,1,2016,Transit
5892,5892,14,2019,Transit
5893,5893,3,2020,Transit
5894,5894,13,2020,Radial Velocity
5895,5895,14,2024,Transit
5896,5896,4,2014,Transit
5897,5897,5,2020,Transit
5898,5898,30,2021,Radial Velocity
5899,5899,13,2022,Radial Velocity
5900,5900,14,2024,Transit
5901,5901,14,2025,Transit
5902,5902,4,2016,Transit
5903,5903,4,2023,Transit
5904,5904,28,2018,Radial Velocity
5905,5905,13,2020,Radial Velocity
5906,5906,105,2021,Radial Velocity
5907,5907,14,2022,Transit
5908,5908,14,2024,Transit
5909,5909,14,2026,Transit
5910,5910,4,2014,Transit
5911,5911,4,2014,Transit
5912,5912,4,2013,Transit
5913,5913,29,2017,Transit
5914,5914,13,2020,Radial Velocity
5915,5915,3,2022,Transit
5916,5916,14,2026,Transit
5917,5917,14,2024,Transit
5918,5918,28,2020,Radial Velocity
5919,5919,19,2013,Imaging
5920,5920,14,2025,Transit
5921,5921,4,2014,Transit
5922,5922,3,2019,Transit
5923,5923,13,2019,Imaging
5924,5924,3,2020,Transit
5925,5925,3,2022,Transit
5926,5926,14,2023,Transit
5927,5927,14,2026,Transit
5928,5928,4,2016,Transit
5929,5929,3,2019,Transit
5930,5930,4,2016,Transit
5931,5931,4,2016,Transit
5932,5932,14,2026,Transit
5933,5933,3,2019,Transit
5934,5934,3,2020,Transit
5935,5935,4,2016,Transit
5936,5936,14,2022,Transit
5937,5937,14,2026,Transit
5938,5938,14,2024,Transit
5939,5939,14,2023,Transit
5940,5940,14,2024,Transit
5941,5941,14,2023,Transit
5942,5942,4,2016,Transit
5943,5943,3,2019,Transit
5944,5944,4,2016,Transit
5945,5945,3,2022,Transit
5946,5946,14,2022,Transit
5947,5947,14,2024,Transit
5948,5948,4,2016,Transit
5949,5949,27,2019,Transit
5950,5950,27,2019,Transit
5951,5951,14,2020,Transit
5952,5952,3,2022,Transit
5953,5953,14,2026,Transit
5954,5954,14,2026,Transit
5955,5955,14,2022,Transit
5956,5956,4,2021,Transit
5957,5957,4,2021,Transit
5958,5958,13,2014,Radial Velocity
5959,5959,3,2022,Transit
5960,5960,14,2022,Transit
5961,5961,14,2024,Transit
5962,5962,14,2023,Transit
5963,5963,4,2014,Transit
5964,5964,4,2016,Transit
5965,5965,4,2021,Transit
5966,5966,11,2019,Radial Velocity
5967,5967,13,2014,Radial Velocity
5968,5968,14,2020,Transit
5969,5969,14,2023,Transit
5970,5970,14,2023,Transit
5971,5971,14,2023,Transit
5972,5972,14,2023,Transit
5973,5973,4,2013,Transit
5974,5974,14,2019,Transit
5975,5975,4,2014,Transit
5976,5976,103,2020,Transit
5977,5977,3,2022,Transit
5978,5978,45,2022,Radial Velocity
5979,5979,4,2015,Transit
5980,5980,4,2018,Transit
5981,5981,4,2020,Transit
5982,5982,4,2014,Transit
5983,5983,8,2008,Microlensing
5984,5984,23,2018,Microlensing
5985,5985,23,2022,Microlensing
5986,5986,23,2025,Microlensing
5987,5987,4,2021,Transit
5988,5988,4,2016,Transit
5989,5989,4,2021,Transit
5990,5990,26,2013,Microlensing
5991,5991,26,2018,Microlensing
5992,5992,23,2021,Microlensing
5993,5993,8,2022,Microlensing
5994,5994,23,2025,Microlensing
5995,5995,23,2025,Microlensing
5996,5996,4,2014,Transit
5997,5997,4,2021,Transit
5998,5998,4,2014,Transit
5999,5999,4,2016,Transit
6000,6000,4,2016,Transit
6001,6001,4,2011,Transit
6002,6002,4,2014,Transit
6003,6003,23,2024,Microlensing
6004,6004,4,2016,Transit
6005,6005,4,2014,Transit
6006,6006,4,2014,Transit
6007,6007,8,2016,Microlensing
6008,6008,26,2016,Microlensing
6009,6009,8,2022,Microlensing
6010,6010,23,2022,Microlensing
6011,6011,4,2014,Transit
6012,6012,4,2023,Transit
6013,6013,4,2016,Transit
6014,6014,4,2021,Transit
6015,6015,4,2016,Transit
6016,6016,8,2016,Microlensing
6017,6017,8,2019,Microlensing
6018,6018,8,2021,Microlensing
6019,6019,23,2022,Microlensing
6020,6020,14,2025,Transit
6021,6021,4,2021,Transit
6022,6022,4,2016,Transit
6023,6023,4,2016,Transit
6024,6024,23,2018,Microlensing
6025,6025,23,2022,Microlensing
6026,6026,23,2026,Microlensing
6027,6027,4,2014,Transit
6028,6028,4,2014,Transit
6029,6029,4,2016,Transit
6030,6030,4,2016,Transit
6031,6031,23,2019,Microlensing
6032,6032,23,2022,Microlensing
6033,6033,4,2012,Transit
6034,6034,15,1992,Pulsar Timing
6035,6035,8,2017,Microlensing
6036,6036,8,2012,Microlensing
6037,6037,23,2022,Microlensing
6038,6038,23,2026,Microlensing
6039,6039,4,2014,Transit
6040,6040,4,2021,Transit
6041,6041,4,2016,Transit
6042,6042,4,2021,Transit
6043,6043,8,2005,Microlensing
6044,6044,4,2014,Transit
6045,6045,4,2023,Transit
6046,6046,4,2016,Transit
6047,6047,26,2010,Microlensing
6048,6048,23,2022,Microlensing
6049,6049,4,2014,Transit
6050,6050,4,2014,Transit
6051,6051,4,2016,Transit
6052,6052,4,2014,Transit
6053,6053,4,2016,Transit
6054,6054,8,2020,Microlensing
6055,6055,23,2022,Microlensing
6056,6056,23,2022,Microlensing
6057,6057,8,2024,Microlensing
6058,6058,4,2023,Transit
6059,6059,4,2016,Transit
6060,6060,4,2015,Transit
6061,6061,4,2021,Transit
6062,6062,4,2023,Transit
6063,6063,4,2014,Transit
6064,6064,26,2012,Microlensing
6065,6065,8,2018,Microlensing
6066,6066,8,2020,Microlensing
6067,6067,23,2022,Microlensing
6068,6068,4,2016,Transit
6069,6069,4,2011,Transit
6070,6070,26,2013,Microlensing
6071,6071,26,2025,Microlensing
6072,6072,23,2025,Microlensing
6073,6073,4,2016,Transit
6074,6074,4,2016,Transit
6075,6075,4,2013,Transit
6076,6076,8,2018,Microlensing
6077,6077,8,2025,Microlensing
6078,6078,4,2016,Transit
6079,6079,23,2026,Microlensing
6080,6080,4,2012,Transit
6081,6081,4,2014,Transit
6082,6082,4,2016,Transit
6083,6083,4,2014,Transit
6084,6084,8,2014,Microlensing
6085,6085,23,2021,Microlensing
6086,6086,23,2023,Microlensing
6087,6087,23,2023,Microlensing
6088,6088,8,2015,Microlensing
6089,6089,4,2016,Transit
6090,6090,4,2014,Transit
6091,6091,4,2016,Transit
6092,6092,4,2012,Transit
6093,6093,8,2017,Microlensing
6094,6094,23,2023,Microlensing
6095,6095,14,2025,Transit
6096,6096,4,2016,Transit
6097,6097,4,2014,Transit
6098,6098,4,2016,Transit
6099,6099,3,2017,Transit
6100,6100,14,2026,Transit
6101,6101,4,2014,Transit
6102,6102,4,2014,Transit
6103,6103,4,2015,Transit
6104,6104,4,2017,Transit
6105,6105,4,2014,Transit
6106,6106,3,2018,Transit
6107,6107,4,2014,Transit
6108,6108,4,2012,Transit
6109,6109,4,2021,Transit
6110,6110,4,2016,Transit
6111,6111,4,2016,Transit
6112,6112,4,2023,Transit
6113,6113,4,2014,Transit
6114,6114,4,2016,Transit
6115,6115,3,2018,Transit
6116,6116,3,2017,Transit
6117,6117,4,2018,Transit
6118,6118,14,2024,Transit
6119,6119,13,2022,Radial Velocity
6120,6120,4,2016,Transit
6121,6121,4,2021,Transit
6122,6122,4,2016,Transit
6123,6123,4,2014,Transit
6124,6124,3,2017,Transit
6125,6125,4,2025,Transit
6126,6126,4,2018,Transit
6127,6127,4,2016,Transit
6128,6128,3,2018,Transit
6129,6129,4,2016,Transit
6130,6130,14,2023,Transit
6131,6131,4,2021,Transit
6132,6132,4,2016,Transit
6133,6133,4,2014,Transit
6134,6134,4,2014,Transit
6135,6135,4,2010,Transit
6136,6136,4,2016,Transit
6137,6137,4,2016,Transit
6138,6138,4,2014,Transit
6139,6139,3,2016,Transit
6140,6140,4,2014,Transit
6141,6141,4,2020,Transit
6142,6142,4,2017,Transit
6143,6143,4,2014,Transit
6144,6144,4,2014,Transit
6145,6145,4,2014,Transit
6146,6146,14,2026,Transit
6147,6147,4,2016,Transit
6148,6148,4,2014,Transit
6149,6149,4,2016,Transit
6150,6150,4,2016,Transit
6151,6151,4,2016,Transit
6152,6152,4,2023,Transit
6153,6153,3,2017,Transit
6154,6154,4,2016,Transit
6155,6155,4,2021,Transit
6156,6156,4,2016,Transit
6157,6157,4,2012,Transit
6158,6158,4,2015,Transit
6159,6159,4,2016,Transit
6160,6160,4,2016,Transit
6161,6161,4,2016,Transit
6162,6162,3,2021,Transit
6163,6163,4,2016,Transit
6164,6164,4,2021,Transit
6165,6165,4,2012,Transit
6166,6166,4,2016,Transit
6167,6167,4,2014,Transit
6168,6168,4,2014,Transit
6169,6169,4,2016,Transit
6170,6170,4,2016,Transit
6171,6171,4,2023,Transit
6172,6172,4,2016,Transit
6173,6173,4,2015,Transit
6174,6174,4,2016,Transit
6175,6175,3,2018,Transit
6176,6176,4,2014,Transit
6177,6177,4,2016,Transit
6178,6178,4,2016,Transit
6179,6179,4,2016,Transit
6180,6180,4,2020,Transit
6181,6181,4,2016,Transit
6182,6182,4,2014,Transit
6183,6183,4,2022,Transit
6184,6184,3,2018,Transit
6185,6185,4,2011,Transit
6186,6186,4,2016,Transit
6187,6187,4,2016,Transit
6188,6188,4,2016,Transit
6189,6189,4,2016,Transit
6190,6190,4,2016,Transit
6191,6191,4,2016,Transit
6192,6192,3,2018,Transit
6193,6193,4,2016,Transit
6194,6194,4,2011,Transit
6195,6195,4,2014,Transit
6196,6196,4,2014,Transit
6197,6197,4,2016,Transit
6198,6198,4,2016,Transit
6199,6199,4,2016,Transit
6200,6200,14,2026,Transit
6201,6201,4,2016,Transit
6202,6202,4,2016,Transit
6203,6203,4,2016,Transit
6204,6204,4,2016,Transit
6205,6205,4,2016,Transit
6206,6206,4,2016,Transit
6207,6207,4,2016,Transit
6208,6208,4,2016,Transit
6209,6209,4,2014,Transit
6210,6210,4,2016,Transit
6211,6211,4,2016,Transit
6212,6212,4,2016,Transit
6213,6213,4,2021,Transit
6214,6214,4,2021,Transit
6215,6215,4,2023,Transit
6216,6216,4,2022,Transit
6217,6217,3,2018,Transit
6218,6218,4,2014,Transit
6219,6219,4,2014,Transit
6220,6220,127,2016,Transit
6221,6221,7,2018,Radial Velocity
6222,6222,13,2014,Radial Velocity
6223,6223,13,2014,Radial Velocity
6224,6224,13,2021,Radial Velocity
6225,6225,4,2021,Orbital Brightness Modulation
6226,6226,7,2021,Radial Velocity
6227,6227,4,2014,Transit
6228,6228,14,2026,Transit
6229,6229,5,2016,Transit
6230,6230,25,2017,Radial Velocity
6231,6231,9,2019,Radial Velocity
6232,6232,13,2014,Radial Velocity
6233,6233,11,2021,Radial Velocity
6234,6234,14,2025,Transit
6235,6235,54,2025,Transit
6236,6236,14,2026,Transit
6237,6237,9,2012,Radial Velocity
6238,6238,3,2018,Transit
6239,6239,5,2019,Transit
6240,6240,4,2021,Transit
6241,6241,4,2016,Transit
6242,6242,14,2023,Transit
6243,6243,9,2012,Radial Velocity
6244,6244,4,2016,Transit
6245,6245,49,2021,Transit
6246,6246,14,2021,Transit
6247,6247,4,2014,Transit
6248,6248,4,2014,Transit
6249,6249,14,2023,Transit
6250,6250,4,2014,Transit
6251,6251,4,2016,Transit
6252,6252,93,2017,Radial Velocity
6253,6253,29,2019,Transit
6254,6254,28,2021,Radial Velocity
6255,6255,3,2021,Transit
6256,6256,3,2022,Transit
6257,6257,4,2011,Transit
6258,6258,4,2014,Transit
6259,6259,13,2010,Eclipse Timing Variations
6260,6260,20,2016,Radial Velocity
6261,6261,4,2016,Transit
6262,6262,14,2019,Transit
6263,6263,14,2021,Transit
6264,6264,4,2014,Transit
6265,6265,4,2015,Transit
6266,6266,14,2026,Transit
6267,6267,13,2015,Radial Velocity
6268,6268,33,2019,Radial Velocity
6269,6269,14,2020,Transit
6270,6270,3,2022,Transit
6271,6271,14,2023,Transit
6272,6272,14,2024,Transit
6273,6273,4,2020,Transit
6274,6274,4,2014,Transit
6275,6275,7,2017,Radial Velocity
6276,6276,3,2019,Transit
6277,6277,33,2019,Radial Velocity
6278,6278,13,2021,Radial Velocity
6279,6279,14,2021,Transit
6280,6280,132,2021,Transit
6281,6281,14,2023,Transit
6282,6282,4,2014,Transit
6283,6283,3,2016,Transit
6284,6284,13,2016,Radial Velocity
6285,6285,7,2017,Radial Velocity
6286,6286,3,2019,Transit
6287,6287,44,2019,Radial Velocity
6288,6288,33,2019,Radial Velocity
6289,6289,4,2014,Transit
6290,6290,133,2020,Imaging
6291,6291,14,2021,Transit
6292,6292,3,2022,Transit
6293,6293,14,2023,Transit
6294,6294,4,2014,Transit
6295,6295,14,2026,Transit
6296,6296,14,2025,Transit
6297,6297,7,2017,Radial Velocity
6298,6298,7,2019,Radial Velocity
6299,6299,14,2021,Transit
6300,6300,47,2021,Transit
6301,6301,3,2022,Transit
6302,6302,14,2026,Transit
6303,6303,4,2014,Transit
6304,6304,14,2026,Transit
6305,6305,11,2015,Radial Velocity
6306,6306,7,2016,Radial Velocity
6307,6307,24,2016,Transit
6308,6308,57,2019,Transit
6309,6309,14,2021,Transit
6310,6310,14,2025,Transit
6311,6311,14,2025,Transit
6312,6312,3,2016,Transit
6313,6313,28,2017,Radial Velocity
6314,6314,14,2019,Transit
6315,6315,57,2019,Transit
6316,6316,13,2021,Radial Velocity
6317,6317,4,2016,Transit
6318,6318,4,2014,Transit
6319,6319,14,2023,Transit
6320,6320,27,2015,Transit
6321,6321,13,2021,Radial Velocity
6322,6322,4,2016,Transit
6323,6323,20,2021,Radial Velocity
6324,6324,14,2023,Transit
6325,6325,4,2014,Transit
6326,6326,14,2025,Transit
6327,6327,3,2018,Transit
6328,6328,44,2019,Radial Velocity
6329,6329,13,2021,Radial Velocity
6330,6330,20,2021,Radial Velocity
6331,6331,4,2014,Transit
6332,6332,29,2019,Transit
6333,6333,4,2014,Transit
6334,6334,14,2021,Transit
6335,6335,13,2021,Radial Velocity
6336,6336,13,2021,Radial Velocity
6337,6337,20,2021,Radial Velocity
6338,6338,14,2021,Transit
6339,6339,14,2021,Transit
6340,6340,14,2025,Transit
6341,6341,4,2016,Transit
6342,6342,4,2012,Transit
6343,6343,14,2025,Transit
6344,6344,14,2026,Transit
6345,6345,3,2016,Transit
6346,6346,3,2018,Transit
6347,6347,13,2014,Radial Velocity
6348,6348,7,2021,Radial Velocity
6349,6349,4,2014,Transit
6350,6350,4,2021,Transit
6351,6351,3,2022,Transit
6352,6352,4,2014,Transit
6353,6353,3,2016,Transit
6354,6354,4,2021,Transit
6355,6355,2,2008,Transit
6356,6356,4,2016,Transit
6357,6357,3,2016,Transit
6358,6358,3,2016,Transit
6359,6359,3,2022,Transit
6360,6360,3,2016,Transit
6361,6361,3,2018,Transit
6362,6362,4,2015,Transit
6363,6363,4,2014,Transit
6364,6364,4,2014,Transit
6365,6365,4,2016,Transit
6366,6366,3,2016,Transit
6367,6367,4,2021,Transit
6368,6368,3,2022,Transit
6369,6369,8,2026,Microlensing
6370,6370,23,2026,Microlensing
6371,6371,23,2026,Microlensing
6372,6372,23,2026,Microlensing
